,reviews,stars
0,–≠—Ç–æ –Ω–∞–º —Ç–∞–∫ –Ω–µ –ø–æ–≤–µ–∑–ª–æ? –ü–æ—á–µ–º—É –ø—É–ø—ã—Ä–∫–∏ –Ω–µ —Ñ–∏–∫—Å–∏—Ä—É—é—Å—è?? –í–æ–∑–≤—Ä–∞—Ç –º–æ–∂–Ω–æ –æ—Ñ–æ—Ä–º–∏—Ç—å?,1
1,"–ù–∞–ø–∏—à–∏ –Ω–∞–º –≤ –≤–æ–ø—Ä–æ—Å–∞—Ö —Å–≤–æ–π –∫–æ–Ω—Ç–∞–∫—Ç, –º—ã –∫–æ–º–ø–µ–Ω—Å–∏—Ä—É–µ–º –±—Ä–∞–∫.",1
2,–ü–æ–¥–¥–µ–ª–∫–∞. –£–∂–∞—Å. –ù–µ –±–µ—Ä–∏—Ç–µ!!!,1
3,"–ò–Ω–Ω–∞, –Ω–∞—à —Ç–æ–≤–∞—Ä –ø—Ä–æ–¥–∞–Ω –±–æ–ª–µ–µ 15000 —Ä–∞–∑! –ú—ã —Ä–µ–∞–ª–∏–∑—É–µ–º –∏—Å–∫–ª—é—á–∏—Ç–µ–ª—å–Ω–æ –∫–∞—á–µ—Å—Ç–≤–µ–Ω–Ω—ã–π —Ç–æ–≤–∞—Ä!",1
4,–ù–µ –ø–æ–ª–æ–∂–∏–ª–∏ –ø–æ–¥–∞—Ä–æ–∫. –ù–µ —Å—Ç–∞–ª –±—ã –≤—ã–∫—É–ø–∞—Ç—å . –ù–µ —è –∑–∞–±–∏—Ä–∞–ª.,1
5,"–ó–¥—Ä–∞–≤—Å—Ç–≤—É–π—Ç–µ, –°—Ç–µ–ø–∞–Ω. –ü–æ–¥–∞—Ä–æ–∫ –≤–∫–ª–∞–¥—ã–≤–∞–µ—Ç—Å—è –≤ –∫–∞–∂–¥—ã–π –ø–æ–ø –∏—Ç, –Ω–∞–º –Ω–µ–∏–∑–≤–µ—Å—Ç–Ω—ã –ø—Ä–∏—á–∏–Ω—ã –µ–≥–æ –ø—Ä–æ–ø–∞–∂–∏.",1
6,–ù–µ –±—ã–ª–æ –ø–æ–¥–∞—Ä–∫–∞,1
7,"–ü–æ–¥–∞—Ä–æ–∫ –∏ –∫–∞—Ä–∞–±–∏–Ω –≤–∫–ª–∞–¥—ã–≤–∞—é—Ç—Å—è –≤ –∫–∞–∂–¥—ã–π –ø–æ–ø –∏—Ç, –Ω–∞–º –Ω–µ–∏–∑–≤–µ—Å—Ç–Ω—ã –ø—Ä–∏—á–∏–Ω—ã –∏—Ö –ø—Ä–æ–ø–∞–∂–∏.",1
8,–û—á–µ–Ω—å –ø–ª–æ—Ö–æ–µ –∫–∞—á–µ—Å—Ç–≤–æ! –†–µ–±—ë–Ω–∫—É –Ω–µ –ø–æ–Ω—Ä–∞–≤–∏–ª–æ—Å—å.,1
9,"–í–æ–æ–±—â–µ —Ä–∞–∑–æ—á–∞—Ä–æ–≤–∞–ª–∏,–±—Ä–∞–ª–∏ –¥–≤–∞ —Ä–∞–∑–∞ –ø–µ—Ä–≤—ã–π –∫–ª–∏–∫–∞–µ—Ç —Å –æ–¥–Ω–æ–π —Ç–æ–ª—å–∫–æ —Å—Ç–æ—Ä–æ–Ω—ã –∏ –±–µ–∑ –≤–µ—Ä–µ–≤–æ—á–∫–∏,–≤—Ç–æ—Ä–æ–π –ø—Ä–∏—à–µ–ª —Ä–≤–∞–Ω—ã–π.–≤ –∫–æ–º–ø–ª–µ–∫—Ç–µ –µ—â–µ —à—ë–ª –∫–∞—Ä–∞–±–∏–Ω –∏ —Å–∏–º–ø–ª-–¥–∏–º–ø–ª-—Å–ø–∏–Ω–µ—Ä. –ï—Å–ª–∏ –µ—Å—Ç—å –≤–æ–∑–º–æ–∂–Ω–æ—Å—Ç—å –æ–±–º–µ–Ω—è—Ç—å.. —Ä–µ–±–µ–Ω–æ–∫ –∑–∞–±–∏—Ä–∞–ª –∏ –Ω–µ –æ–±—Ä–∞—Ç–∏–ª–∞ –≤–Ω–∏–º–∞–Ω–∏–µ",1
10,"–î–æ–±—Ä–æ–≥–æ –¥–Ω—è! –ú—ã –æ—á–µ–Ω—å —Å–æ–∂–∞–ª–µ–µ–º, —á—Ç–æ –í—ã –ø–æ–ª—É—á–∏–ª–∏ –±—Ä–∞–∫–æ–≤–∞–Ω–Ω—ã–π —Ç–æ–≤–∞—Ä. –†–µ–∫–æ–º–µ–Ω–¥—É–µ–º –í–∞–º –æ—Ñ–æ—Ä–º–∏—Ç—å –≤–æ–∑–≤—Ä–∞—Ç –≤ –ª–∏—á–Ω–æ–º –∫–∞–±–∏–Ω–µ—Ç–µ Wildberries —Å –ø–æ–º–µ—Ç–∫–æ–π –±—Ä–∞–∫.",1
11,"–ù—É —Å–∞–º–æ–µ –≥–ª–∞–≤–Ω–æ–µ, —á—Ç–æ –ø–æ–ø –∏—Ç –¥–æ–ª–∂–µ–Ω ""—á–ø–æ–∫–∞—Ç—å"" –≤ –æ–±–µ —Å—Ç–æ—Ä–æ–Ω—ã, –∞ —Ç—É—Ç —Ç–æ–ª—å–∫–æ –≤ –æ–¥–Ω—É —Å—Ç–æ—Ä–æ–Ω—É, —ç—Ç–æ —Å–∞–º—ã–π –≥–ª–∞–≤–Ω—ã–π –º–∏–Ω—É—Å. –ü–æ–¥–∞—Ä–æ–∫ —Ä–æ–∑–æ–≤—ã–π(—É –º–µ–Ω—è —Å—ã–Ω) , –∂–∞–ª–∫–æ —á—Ç–æ –Ω–µ–ª—å–∑—è –≤—ã–±–∏—Ä–∞—Ç—å, –Ω–æ –∫ –Ω–µ–º—É –ø—Ä–∏—Ç–µ–Ω–∑–∏–π –Ω–µ—Ç.. –ò –∫–æ–Ω–µ—á–Ω–æ –Ω–µ—Ç —à—Ç—É–∫–∏ –Ω–∞ –∫–æ—Ç–æ—Ä—É—é —Ü–µ–ø–ª—è—Ç—å –ø–æ–ø–∏—Ç –∏ –ø–æ–¥–∞—Ä–æ–∫..",1
12,–ê–±—Å–æ–ª—é—Ç–Ω–æ –≤—Å–µ –ø–æ–ø –∏—Ç —â—ë–ª–∫–∞—é—Ç –≤ –æ–¥–Ω—É —Å—Ç–æ—Ä–æ–Ω—É –±–æ–ª–µ–µ —Å–∏–ª—å–Ω–µ–µ —á–µ–º –≤ –¥—Ä—É–≥—É—é! –ö–∞—Ä–∞–±–∏–Ω –∏–¥—ë—Ç –≤ –∫–æ–º–ø–ª–µ–∫—Ç–µ.,1
13,"–°–ø–∞—Å–∏–±–æ —É—Ä–æ–¥—ã –∑–∞ —Ç–æ, —á—Ç–æ —è –∑–∞–∫–∞–∑—ã–≤–∞–ª–∞ –≤ –ø–æ–¥–∞—Ä–æ–∫, –æ—Ç–¥–∞–≤–∞—Ç—å —Å–µ–≥–æ–¥–Ω—è, –∞ –ø—Ä–∏—à–ª–æ —Å–æ–≤—Å–µ–º –Ω–µ —Ç–æ, —á—Ç–æ –∑–∞–∫–∞–∑—ã–≤–∞–ª–∏. –û—Å—Ç–∞–ª–∞—Å—å –±–µ–∑ –ø–æ–¥–∞—Ä–∫–∞. –ò—Å–ø–æ—Ä—Ç–∏–ª–∏ –Ω–∞—Å—Ç—Ä–æ–µ–Ω–∏–µ –∫–∞–ø–∏—Ç–∞–ª—å–Ω–æ!!!!",1
14,"–° —Ç–æ—á–∫–∏ –∑—Ä–µ–Ω–∏—è –ø–∞—Ä–∞–¥–æ–∫—Å–∞–ª—å–Ω–æ–≥–æ –∏ –∞—Å—Ç—Ä–∞–ª—å–Ω–æ–≥–æ –º—ã—à–ª–µ–Ω–∏—è –≤–∞—à–∞ —á–µ—Ä–µ–ø–Ω–∞—è –∫–æ—Ä–æ–±–∫–∞ –Ω–µ —Å–æ–æ—Ç–≤–µ—Ç—Å—Ç–≤—É–µ—Ç –º–∏—Ä–æ–≤—ã–º —Å—Ç–∞–Ω–¥–∞—Ä—Ç–∞–º, –ø–æ—ç—Ç–æ–º—É —Å—á–∏—Ç–∞—é –¥–∞–ª—å–Ω–µ–π—à–∏–π —Ä–∞–∑–≥–æ–≤–æ—Ä —Å –≤–∞–º–∏ –Ω–µ—Ü–µ–ª–µ—Å–æ–æ–±—Ä–∞–∑–Ω—ã–º.",1
15,"–ö–∞—á–µ—Å—Ç–≤–æ –ø–ª–æ—Ö–æ–µ, —â—ë–ª–∫–∞–µ—Ç –≤ –æ–¥–Ω—É —Å—Ç–æ—Ä–æ–Ω—É —Ç–æ–ª—å–∫–æ, –ø–æ–¥–∞—Ä–∫–∞ –Ω–µ–±—ã–ª–æ",1
16,–ë–ª–∞–≥–æ–¥–∞—Ä–∏–º –∑–∞ –≤–Ω–∏–º–∞–Ω–∏–µ –∫ –Ω–∞—à–µ–π –∫–∞—Ä—Ç–æ—á–∫–µ :),1
17,"–ü—Ä–∏—à–µ–ª –ø–æ–ø –∏—Ç –±–µ–∑ –ø–æ–¥–∞—Ä–∫–∞! –ù–∞–¥–æ—Ä–≤–∞–Ω–∞ —É–ø–∞–∫–æ–≤–∫–∞. –î—É–º–∞—é –ø–æ–¥–∞—Ä–æ–∫ —Ç–∞–º –∫–æ–≥–¥–∞-—Ç–æ –±—ã–ª... –í—ã–∫—É–ø–∏–ª–∞, —Ç.–∫. —Ä–µ–±–µ–Ω–æ–∫ –Ω–µ–¥–µ–ª—é –∂–¥–∞–ª —ç—Ç–æ—Ç –ø–æ–ø –∏—Ç –∏ –ø–æ–¥–∞—Ä–æ—á–µ–∫. –ù–µ–ø—Ä–∏—è—Ç–Ω—ã–π –æ—Å–∞–¥–æ–∫...",1
18,"–ü–æ–¥–∞—Ä–∫–∏ –∏ –∫–∞—Ä–∞–±–∏–Ω –≤–∫–ª–∞–¥—ã–≤–∞—é—Ç—Å—è –≤ –∫–∞–∂–¥—ã–π –ø–æ–ø –∏—Ç, –Ω–∞–º –Ω–µ–∏–∑–≤–µ—Å—Ç–Ω—ã –ø—Ä–∏—á–∏–Ω—ã –µ–≥–æ –ø—Ä–æ–ø–∞–∂–∏ :( –°–æ–∂–∞–ª–µ–µ–º –æ —Å–ª–æ–∂–∏–≤—à–µ–π—Å—è —Å–∏—Ç—É–∞—Ü–∏–∏.",1
19,"–£–∂–∞—Å–Ω–∞—è –æ—á–µ—Ä–µ–¥—å, –æ–¥–∏–Ω —Ä–∞–±–æ—Ç–Ω–∏–∫ –Ω–∞ –ø—É–Ω–∫—Ç —Å–∞–º–æ–≤—ã–≤–æ–∑–∞, –∫–æ—Ç–æ—Ä–æ–π –¥–∞–∂–µ –≤–∑–¥–æ—Ö–Ω—É—Ç—å –Ω–µ–∫–æ–≥–¥–∞",1
20,"–ü—É–Ω–∫—Ç –≤—ã–¥–∞—á–∏ –æ—Ü–µ–Ω–∏–≤–∞–µ—Ç—Å—è –≤–æ –≤–∫–ª–∞–¥–∫–µ –î–û–°–¢–ê–í–ö–ò! :) –¢–∞–º –Ω–∞–≤–µ—Ä–Ω—è–∫–∞ —Ä–µ—à–∞—Ç –≤–∞—à –ø—Ä–æ–±–ª–µ–º—É, —É–≤—ã –º—ã –Ω–∏–∫–∞–∫–æ–≥–æ –æ—Ç–Ω–æ—à–µ–Ω–∏—è –∫ –ø—É–Ω–∫—Ç—É –≤—ã–¥–∞—á–∏ –Ω–µ –∏–º–µ–µ–º!",1
21,–î–µ–≤—É—à–∫–∞ —Å–æ—Ç—Ä—É–¥–Ω–∏–∫ —Ö–∞–º–∏—Ç –æ—á–µ–Ω—å –≥—Ä—É–±–∞—è,1
22,"–ü—É–Ω–∫—Ç –≤—ã–¥–∞—á–∏ –æ—Ü–µ–Ω–∏–≤–∞–µ—Ç—Å—è –≤ –¥—Ä—É–≥–æ–º –º–µ—Å—Ç–µ, —Ç—É—Ç —Ç–æ–ª—å–∫–æ –∫–∞—á–µ—Å—Ç–≤–æ —Ç–æ–≤–∞—Ä–∞!",1
23,"–ú–Ω–µ –ø—Ä–∏—à—ë–ª –±—Ä–∞–∫–æ–≤–∞–Ω–Ω—ã–π, —Å–±–æ–∫—É –ø–æ—Ä–µ–∑–∞–Ω–Ω—ã–π, –∫—Ç–æ-—Ç–æ –ø—ã—Ç–∞–ª—Å—è –∑–∞–∫–ª–µ–∏—Ç—å, —á–∞—Å—Ç–∏—á–∫–∏ –∫–ª–µ—è –æ—Å—Ç–∞–ª–∏—Å—å. –ñ–∞–ª—å —è –Ω–µ –ø–æ—Å–º–æ—Ç—Ä–µ–ª–∞ –ø—Ä–∏ –ø–æ–ª—É—á–µ–Ω–∏–∏. –ó–∞–º–µ—Ç–∏–ª —É–∂–µ –¥–æ–º–∞ —Ä–µ–±—ë–Ω–æ–∫ ü§∑‚Äç‚ôÄÔ∏è",2
24,"–ó–¥—Ä–∞–≤—Å—Ç–≤—É–π—Ç–µ. –ö —Å–æ–∂–∞–ª–µ–Ω–∏—é –±–µ–∑ —Ñ–æ—Ç–æ –º—ã –Ω–µ –º–æ–∂–µ–º –æ–ø—Ä–µ–¥–µ–ª–∏—Ç—å –±—Ä–∞–∫, –≤–æ–∑–º–æ–∂–Ω–æ —ç—Ç–æ –±—ã–ª –Ω–µ –Ω–∞—à —Ç–æ–≤–∞—Ä! –í—ã –º–æ–∂–µ—Ç–µ –µ–≥–æ —Å–¥–∞—Ç—å –¥–∞–∂–µ –ø–æ—Å–ª–µ –ø–æ–ª—É—á–µ–Ω–∏—è, –æ—Ñ–æ—Ä–º–∏–≤ –ø—Ä–∏ —ç—Ç–æ–º –≤–æ–∑–≤—Ä–∞—Ç –ø–æ—Å–ª–µ –æ–ø–ª–∞—Ç—ã –ø–æ –±—Ä–∞–∫—É –≤ –ª–∏—á–Ω–æ–º –∫–∞–±–∏–Ω–µ—Ç–µ. –ú—ã –µ–≥–æ —É—Ç–∏–ª–∏–∑–∏—Ä—É–µ–º!",2
25,–ë—ã—Å—Ç—Ä–æ –ø–æ—Ä–≤–∞–ª—Å—è (,2
26,"–ù–µ —Ç–∞–∫–æ–π —É–∂ –æ–≥—Ä–æ–º–Ω—ã–π, –µ—Å—Ç—å –∑–∞–ø–∞—Ö —Å–ø–µ—Ü–∏—Ñ–∏—á–µ—Å–∫–∏–π",2
27,–ù–µ—Ç –ø–æ–¥–∞—Ä–∫–∞. –¶–µ–Ω–∞ –∑–∞ –Ω–µ–¥–µ–ª—é —É–ø–∞–ª–∞ –Ω–∞ 100 —Ä—É–±. –í–∑—è–ª–∏ –±–æ–ª—å—à–µ. –í—Ä—É—Ç,2
28,–ü–æ–¥–∞—Ä–æ–∫ –≤–∏—Å–∏—Ç –Ω–∞ —Å–∞–º–æ–º –∫—Ä—É–≥–µ ( –∫–∞—Ä–∞–±–∏–Ω) –Ω–∞ –≤–∞—à–µ–º –∂–µ —Ñ–æ—Ç–æ! :))),2
29,–ö–∏—Ç–∞–π—Å–∫–∞—è –ø–æ–¥–¥–µ–ª–∫–∞ –∏ –Ω–∏–∫–∞–∫–æ–≥–æ –ø–æ–¥–∞—Ä–∫–∞ –≤ –ø–æ–º–∏–Ω–µ –Ω–µ –ø–æ–ª–æ–∂–∏–ª–∏( –ø—Ä–æ—Å—Ç–æ —Ä–∞–∑–æ—á–∞—Ä–æ–≤–∞–Ω–∏–µ,2
30,–û—á–µ–Ω—å –¥–æ–ª–≥–∞—è –¥–æ—Å—Ç–∞–≤–∫–∞,2
31,"–ó–∞–∫–∞–∑—ã–≤–∞–ª–∞ —Å–µ—Ä–¥–µ—á–∫–æ,–ø—Ä–∏—à–µ–ª –∫—Ä—É–≥.–∑–∞–±—Ä–∞–ª–∞,—Ç–æ–ª—å–∫–æ –∏–∑-–∑–∞ —Ç–æ–≥–æ,—á—Ç–æ —Ä–µ–±—ë–Ω–æ–∫ –æ—á–µ–Ω—å –∂–¥–∞–ª.–°–ª–µ–¥–∏—Ç–µ –ª—É—á—à–µ –∑–∞ —Ç–µ–º,—á—Ç–æ –æ—Ç–ø—Ä–∞–≤–ª—è–µ—Ç–µ.",2
32,–í –æ–¥–Ω–æ–º –º–µ—Å—Ç–µ –¥—ã—Ä—è–≤—ã–π!!!!,2
33,"–ó–¥—Ä–∞–≤—Å—Ç–≤—É–π—Ç–µ. –ö–∞–∂–¥–∞—è –ø–æ–∑–∏—Ü–∏—è –ø—Ä–æ–≤–µ—Ä—è–µ—Ç—Å—è –ø–µ—Ä–µ–¥ –æ—Ç–ø—Ä–∞–≤–∫–æ–π, –∫ —Å–æ–∂–∞–ª–µ–Ω–∏—é –ë–ï–ó –§–û–¢–û –º—ã –Ω–µ –º–æ–∂–µ—Ç –æ—Ü–µ–Ω–∏—Ç—å –±—Ä–∞–∫! –í—Å–µ–≥–æ –≤–∞–º –¥–æ–±—Ä–æ–≥–æ!",2
34,–¢–æ–≤–∞—Ä –±—ã–ª –±—Ä–∞–∫–æ–≤–∞–Ω,2
35,"–û—á–µ–Ω—å —Ç–æ–Ω–∫–∏–π:((( —Ä–∞–∑–æ—á–∞—Ä–æ–≤–∞–Ω–∏–µ. –ï—â—ë –∏ –±–ª–µ–∫–ª—ã–π. –ï—Å—Ç—å —Å —á–µ–º —Å—Ä–∞–≤–Ω–∏—Ç—å, –Ω–µ –ø–µ—Ä–≤—ã–π —É–∂–µ –ø–æ–∫—É–ø–∞–µ–º. –ù–µ —Ä–µ–∫–æ–º–µ–Ω–¥—É—é.",2
36,"–ú—ã –∑–∞–º–µ–Ω–∏–ª–∏ –≤—Å–µ –ø—É–ø—ã—Ä–∫–∏ –Ω–∞ —Ç–µ, —á—Ç–æ –Ω–∞ –≤—Ç–æ—Ä–æ–º —Ñ–æ—Ç–æ. –•–æ—Ä–æ—à–∏—Ö –ø–æ–∫—É–ø–æ–∫.",2
37,"–ù—É –¥–∞–≤–∞–π—Ç–µ –Ω–∞—á–Ω—ë–º —Å —Ç–æ–≥–æ —á—Ç–æ –æ–Ω 19 —Å–º, –∞ –Ω–µ 20, –æ—á–µ–Ω—å —Ç–æ–Ω–∫–∏–π, —Ä–∞–∑–æ—á–∞—Ä–æ–≤–∞–Ω—ã –∏ —è –∏ —Ä–µ–±—ë–Ω–æ–∫. –¢–∞–∫ –¥–æ–ª–≥–æ –∂–¥–∞—Ç—å –∏ –≤ –∏—Ç–æ–≥–µ –ø–æ–ª—É—á–∏—Ç—å —Å–ª—ë–∑—ã –≤–º–µ—Å—Ç–æ —Ä–∞–¥–æ—Å—Ç–∏, –∫–æ–≥–¥–∞ –≤—ã —Ç–æ–≤–∞—Ä—ã –¥–ª—è –¥–µ—Ç–µ–π –ø—Ä–æ–¥–∞—ë—Ç–µ, –≤—ã —Ö–æ—Ç—è –±—ã –æ —á—É–≤—Å—Ç–≤–∞—Ö —ç—Ç–∏—Ö —Å–∞–º—ã—Ö –¥–µ—Ç–µ–π –¥—É–º–∞–π—Ç–µ.",3
38,–ü—Ä–∏—à—ë–ª –ø–æ—Ä–≤–∞–Ω–Ω—ã–π –∏ –≥–¥–µ –±—Ä–µ–ª–æ–∫ —Ç–æ–∂–µ(,3
39,"–ó–¥—Ä–∞–≤—Å—Ç–≤—É–π—Ç–µ ! –ú—ã –æ—á–µ–Ω—å —Å–æ–∂–∞–ª–µ–µ–º, —á—Ç–æ –í—ã –ø–æ–ª—É—á–∏–ª–∏ –±—Ä–∞–∫–æ–≤–∞–Ω–Ω—ã–π —Ç–æ–≤–∞—Ä. –†–µ–∫–æ–º–µ–Ω–¥—É–µ–º –í–∞–º –æ—Ñ–æ—Ä–º–∏—Ç—å –≤–æ–∑–≤—Ä–∞—Ç –≤ –ª–∏—á–Ω–æ–º –∫–∞–±–∏–Ω–µ—Ç–µ Wildberries —Å –ø–æ–º–µ—Ç–∫–æ–π –±—Ä–∞–∫.",3
40,"–ö–∞—á–µ—Å—Ç–≤–æ —É–∂–∞—Å–Ω–æ–µ, —Å—É–¥—è –ø–æ —Ç–æ–º—É, —á—Ç–æ –¥–µ—Ç–∏ –Ω–µ –≤—ã–ø—É—Å—Ç—è—Ç –∏–≥—Ä—É—à–∫—É –∏–∑ —Ä—É–∫, —Ç–æ –∂–∏—Ç—å –µ–π –Ω–µ –¥–æ–ª–≥–æ, –Ω–µ —Å—Ç–æ–∏—Ç —ç—Ç–∏—Ö –¥–µ–Ω–µ–≥.",3
41,"–ó–¥—Ä–∞–≤—Å—Ç–≤—É–π—Ç–µ. –í–∞–º –ø–æ–ø–∞–ª—Å—è –±—Ä–∞–∫, —Å–¥–∞–π—Ç–µ –ø–æ–∂–∞–ª—É–π—Å—Ç–∞ –µ–≥–æ , –æ—Ñ–æ—Ä–º–∏–≤ –±—Ä–∞–∫ –ø–æ—Å–ª–µ –æ–ø–ª–∞—Ç—ã –≤ –ª–∏—á–Ω–æ–º –∫–∞–±–∏–Ω–µ—Ç–µ. –ú—ã –ø–æ–¥—Ç–≤–µ—Ä–∂–¥–∞–µ–º –∫–∞–∂–¥—ã–π —Ñ–∞–∫—Ç –±—Ä–∞–∫–∞ –∏ –≤–æ–∑–≤—Ä–∞—â–∞–µ–º –¥–µ–Ω—å–≥–∏. –õ–∏–±–æ –Ω–∞–ø–∏—à–∏—Ç–µ –Ω–∞–º –∫–∞–∫ —Å –≤–∞–º–∏ —Å–≤—è–∑–∞—Ç—å—Å—è –≤ –≤–æ–ø—Ä–æ—Å–∞—Ö.",3
42,–ü—Ä–∏—à–µ–ª –ø–æ–ø—Ä–∞–≤–ª–µ–Ω–Ω—ã–π!,3
43,"–î–æ–±—Ä–æ–≥–æ –¥–Ω—è! –ú—ã –æ—á–µ–Ω—å —Å–æ–∂–∞–ª–µ–µ–º, —á—Ç–æ –í—ã –ø–æ–ª—É—á–∏–ª–∏ –±—Ä–∞–∫–æ–≤–∞–Ω–Ω—ã–π —Ç–æ–≤–∞—Ä. –†–µ–∫–æ–º–µ–Ω–¥—É–µ–º –í–∞–º –æ—Ñ–æ—Ä–º–∏—Ç—å –≤–æ–∑–≤—Ä–∞—Ç –≤ –ª–∏—á–Ω–æ–º –∫–∞–±–∏–Ω–µ—Ç–µ Wildberries —Å –ø–æ–º–µ—Ç–∫–æ–π –±—Ä–∞–∫.",3
44,"–ü—Ä–∏–≤–µ–∑–ª–∏ –±—Ä–∞–∫, –ø–æ–ª–Ω–æ–µ —Ä–∞–∑–æ—á–∞—Ä–æ–≤–∞–Ω–∏–µ! –û–¥–Ω—É –∑–≤–µ–∑–¥—É –Ω–∞–∫–∏–Ω—É–ª –∑–∞ –ø–æ–¥–∞—Ä–æ–∫: —Å–ø–∏–Ω–µ—Ä - —Å–∏–º–ø–ª-–¥–∏–º–ø–ª.",3
45,"–î–æ–±—Ä–æ–≥–æ –¥–Ω—è! –ú—ã –æ—á–µ–Ω—å —Å–æ–∂–∞–ª–µ–µ–º, —á—Ç–æ –í—ã –ø–æ–ª—É—á–∏–ª–∏ –±—Ä–∞–∫–æ–≤–∞–Ω–Ω—ã–π —Ç–æ–≤–∞—Ä. –†–µ–∫–æ–º–µ–Ω–¥—É–µ–º –í–∞–º –æ—Ñ–æ—Ä–º–∏—Ç—å –≤–æ–∑–≤—Ä–∞—Ç –≤ –ª–∏—á–Ω–æ–º –∫–∞–±–∏–Ω–µ—Ç–µ Wildberries —Å –ø–æ–º–µ—Ç–∫–æ–π –±—Ä–∞–∫.",3
46,"–ò–≥—Ä—É—à–∫–µ –ª–∏—à—å –¥–≤–∞ –¥–Ω—è —É–∂–µ –ø–æ—Ç—Ä–µ—Å–∫–∞–ª–∞—Å—å,—Å —Ä–∞—Å—á–µ—Ç–æ–º,—á—Ç–æ –≤ –Ω–µ—ë –µ—â—ë —Ç–æ–ª–∫–æ–º –Ω–µ –∏–≥—Ä–∞–ª–∏üòÜ–∑–∞ —Ç–∞–∫–æ–µ üí∞ –¥–µ–ª–∞–π—Ç–µ —Ö–æ—Ç—å –≤–µ—â–∏ –Ω–æ—Ä–º–∞–ª—å–Ω—ã–µ,–∑–∞ —Ä–µ–∑–∏–Ω—É 330—Ä –¥–∞ –µ—â–µ –∏ –Ω–µ –ø—Ä–æ—á–Ω—É—é!!!!",3
47,"–¢–æ–≤–∞—Ä –æ–∫–∞–∑–∞–ª—Å—è —Å –±—Ä–∞–∫–æ–º. –ö–∞–∫-–±—É–¥—Ç–æ –≤—ã–∂–∂–µ–Ω–æ. –ü–æ–¥–∞—Ä–∏–ª–∏ —Ä–µ–±–µ–Ω–∫—É, –∑–∞–º–µ—Ç–∏–ª —Ç—É—Ç –∂–µ, —Ä–∞—Å—Å—Ç—Ä–æ–∏–ª—Å—è. –ú–∞—Ç–µ—Ä–∏–∞–ª –Ω–µ –æ—á–µ–Ω—å –∫–∞—á–µ—Å—Ç–≤–µ–Ω–Ω—ã–π, —Ç–æ–Ω–∫–∏–π. –í–∞–π–ª–¥–±–µ—Ä—Ä–∏–∑ –±—Ä–∞–∫ –Ω–µ –ø—Ä–∏–∑–Ω–∞–ª–∏, –æ—Ç–∫–∞–∑–∞–ª–∏ –≤ –≤–æ–∑–≤—Ä–∞—Ç–µ. –¢–∞–∫ —á—Ç–æ —Å–º–æ—Ç—Ä–∏—Ç–µ –≤–Ω–∏–º–∞—Ç–µ–ª—å–Ω–µ–µ –ø—Ä–∏ –¥–æ—Å—Ç–∞–≤–∫–µ, –≤—Å–µ –ø—Ä–æ–≤–µ—Ä—è–π—Ç–µ. –ú—ã –ø—Ä–æ—Å–º–æ—Ç—Ä–µ–ª–∏...",3
48,"–ó–¥—Ä–∞–≤—Å—Ç–≤—É–π—Ç–µ. –û—Å—Ç–∞–≤—å—Ç–µ —Å–≤–æ–∏ –∫–æ–Ω—Ç–∞–∫—Ç—ã –≤ –≤–æ–ø—Ä–æ—Å–∞—Ö –ø–æ–¥ –∫–∞—Ä—Ç–æ—á–∫–æ–π, –º—ã –∫–æ–º–ø–µ–Ω—Å–∏—Ä—É–µ–º –≤–∞—à–∏ –∑–∞—Ç—Ä–∞—Ç—ã.",3
49,"–ù–µ —Ç–∞–∫–æ–π –±–æ–ª—å—à–æ–π, –º–Ω–µ –∫–∞–∂–µ—Ç—Å—è –º–µ–Ω—å—à–µ 20 —Å–º. –ú—è–≥–∫–∏–π, –ø—Ä–∏—Ö–æ–¥–∏—Ç—Å—è –Ω–µ—Å–∫–æ–ª—å–∫–æ —Ä–∞–∑ –Ω–∞–∂–∏–º–∞—Ç—å –Ω–∞ –ø—É–ø—ã—Ä–∫—É",3
50,–î–∏–∞–º–µ—Ç—Ä –∫—Ä—É–≥–∞ 20 —Å–º :),3
51,"–ü–æ–¥–∞—Ä–∫–∞ –Ω–µ –±—ã–ª–æ,–æ–±–º–∞–Ω,—Ä–µ–±—ë–Ω–æ–∫ —Ä–∞—Å—Å—Ç—Ä–æ–µ–Ω.–ï—Å–ª–∏ –¥–µ–ª–æ –≤ –¥–æ—Å—Ç–∞–≤–∫–µ,–ø–æ—Å—Ç–∞–≤—â–∏–∫—É —Å—Ç–æ–∏—Ç —Ä–∞–∑–æ–±—Ä–∞—Ç—å—Å—è",3
52,"–û–±–º–∞–Ω–∞ —Å –Ω–∞—à–µ–π —Å—Ç–æ—Ä–æ–Ω—ã –Ω–µ—Ç! –ù–∞–º –æ—á–µ–Ω—å –∂–∞–ª—å, —á—Ç–æ –ø—Ä–æ–ø–∞–¥–∞—é—Ç –ø–æ–¥–∞—Ä–∫–∏! –ï—Å—Ç—å –Ω–µ–¥–æ–±—Ä–æ—Å–æ–≤–µ—Å—Ç–Ω—ã–µ –ª—é–¥–∏, –∫–æ—Ç–æ—Ä—ã–µ –≤—ã–Ω–∏–º–∞—é—Ç –ø–æ–¥–∞—Ä–∫–∏! :(",3
53,–ü–ª–æ—Ö–æ —â–µ–ª–∫–∞–µ—Ç.,3
54,"–û—á–µ–Ω—å –º—è–≥–∫–∞—è, –Ω–µ —Ö–ª–æ–ø–∞–µ—Ç. –û—Ç–∫–∞–∑",3
55,"–°—ã–Ω —Ä–∞—Å—Å—Ç—Ä–æ–µ–Ω. –¢–∞–∫ –∂–¥–∞–ª –µ–≥–æ. –°–∞–º –∫–∞–π—Ñ –∫–æ–≥–¥–∞ –Ω—É–∂–Ω–æ —Ö–ª–æ–ø–∞—Ç—å –ø—É–∑—ã—Ä—å–∫–∏, –æ–Ω–∏ —Å–∞–º–∏ –ø–æ —Å–µ–±–µ —Ö–ª–æ–ø–∞—é—Ç, –Ω–µ –¥–µ—Ä–∂–∞—Ç—Å—è. –¢—É—Ç –Ω–µ —Å–Ω–∏–º–∞–µ—à—å —Å—Ç—Ä–µ—Å—Å –∞ —Ç–æ–ª—å–∫–æ –ø–æ–ª—É—á–∞–µ—à—å –µ–≥–æ. –£ –Ω–∞—Å 3 —Ç–∞–∫–∏—Ö –∏–≥—Ä—É—à–∫–∏ –≤—Å–µ —Ä–∞–∑–Ω–æ–≥–æ —Ä–∞–∑–º–µ—Ä–∞, —ç—Ç–æ—Ç –ø–æ–ø –∏—Ç —Å–∞–º—ã–π –æ—Ç–≤—Ä–∞—Ç–∏—Ç–µ–ª—å–Ω—ã–π.",3
56,–•–æ—Ä–æ—à–∏–π –Ω–æ –Ω–µ –ø—Ä–∏—è—Ç–Ω—ã–π –∑–∞–ø–∞—Ö —Ä–∏–∑–∏–Ω—ã,3
57,"–ó–¥—Ä–∞–≤—Å—Ç–≤—É–π—Ç–µ. –ú–∏–Ω–∏–º–∞–ª—å–Ω—ã–π –∑–∞–ø–∞—Ö —Å–∏–ª–∏–∫–æ–Ω–∞ –¥–æ–ø—É—Å—Ç–∏–º, –æ–Ω –±—ã—Å—Ç—Ä–æ –≤—ã–≤–µ—Ç—Ä–∏–≤–∞–µ—Ç—Å—è. –•–æ—Ä–æ—à–∏—Ö –ø–æ–∫—É–ø–æ–∫.",3
58,"–°–ª–∏—à–∫–æ–º –º—è–≥–∫–∏–π –º–∞—Ç–µ—Ä–∏–∞–ª, –ø–ª–æ—Ö–æ –∫–ª–∏–∫–∞–µ—Ç, –∑–≤—É–∫–∞ –ø–æ—á—Ç–∏ –Ω–µ—Ç. –†–µ–±–µ–Ω–∫—É –Ω–µ –ø–æ–Ω—Ä–∞–≤–∏–ª—Å—è. –í–æ–∑–≤—Ä–∞—Ç.",3
59,–¢–æ–Ω–∫–∞—è –æ—á–µ–Ω—å —Ä–µ–∑–∏–Ω–∞ —Ä–µ–±–µ–Ω–æ–∫ —Ä–∞—Å—Ç—Ä–æ–∏–ª—Å—è.,3
60,"–ü—Ä–∏—à—ë–ª —Å –±—Ä–∞–∫–æ–º, –ø—Ä–æ–∂–µ–Ω—ã–π –≤ —Å–µ—Ä–µ–¥–∏–Ω–µ, –∏ –æ—Ç–æ—Ä–≤–∞–Ω–æ–µ –º–µ—Å—Ç–æ –≥–¥–µ –∏–¥—ë—Ç –∑–∞–∂–∏–º",3
61,"–î–æ–±—Ä–æ–≥–æ –¥–Ω—è! –ú—ã –æ—á–µ–Ω—å —Å–æ–∂–∞–ª–µ–µ–º, —á—Ç–æ –í—ã –ø–æ–ª—É—á–∏–ª–∏ –±—Ä–∞–∫–æ–≤–∞–Ω–Ω—ã–π —Ç–æ–≤–∞—Ä. –†–µ–∫–æ–º–µ–Ω–¥—É–µ–º –í–∞–º –æ—Ñ–æ—Ä–º–∏—Ç—å –≤–æ–∑–≤—Ä–∞—Ç –≤ –ª–∏—á–Ω–æ–º –∫–∞–±–∏–Ω–µ—Ç–µ Wildberries —Å –ø–æ–º–µ—Ç–∫–æ–π –±—Ä–∞–∫.",3
62,–ü–æ–¥–∞—Ä–∫–∞ –Ω–µ –±—ã–ª–æ...—Ç–æ–≤–∞—Ä –≤—Å–µ —Ä–∞–≤–Ω–æ –∑–∞–±—Ä–∞–ª–∞,3
63,"–ü–æ—Ä–≤–∞–ª–∞—Å—å –∫–Ω–æ–ø–∫–∞ —á–µ—Ä–µ–∑ –º–µ—Å—è—Ü, —Ç–æ–Ω–∫–∏–π",3
64,–ù–æ—Ä–º–∞–ª—å–Ω—ã–π,3
65,"–ù–µ –æ—á–µ–Ω—å —Ö–æ—Ä–æ—à–æ —Ö–ª–æ–ø–∞–µ—Ç, —Ç–æ–ª—å–∫–æ –≤ –æ–¥–Ω—É —Å—Ç–æ—Ä–æ–Ω—É.",4
66,"–°–Ω–∏–∑–∏–ª–∞ –æ—Ü–µ–Ω–∫—É –ø—Ä–∏—à—ë–ª —Å –±—Ä–∞–∫–æ–º,—Å—Ä–∞–∑—É –Ω–µ –ø–æ—Å–º–æ—Ç—Ä–µ–ª–∏ ((( –∞ —Ç–∞–∫ —Å–∏–ª–∏–∫–æ–Ω –æ—á–µ–Ω—å –ø–ª–æ—Ç–Ω—ã–π",4
67,"–ó–¥—Ä–∞–≤—Å—Ç–≤—É–π—Ç–µ. –ù–∞–º –æ—á–µ–Ω—å –∂–∞–ª—å, –æ—Ñ–æ—Ä–º–∏—Ç–µ –≤–æ–∑–≤—Ä–∞—Ç –ø–æ –±—Ä–∞–∫—É –≤ –ª–∏—á–Ω–æ–º –∫–∞–±–∏–Ω–µ—Ç–µ.",4
68,"–û–¥–Ω–∞ —Å—Ç–æ—Ä–æ–Ω–∞ –∫–ª–∞—Å—Å–Ω–∞—è. –í—Ç–æ—Ä–∞—è —Å–æ–≤—Å–µ–º –Ω–µ –∫–ª–∏–∫–∞–µ—Ç. :(. –Ø —á–∏—Ç–∞–ª–∞, —á—Ç–æ –æ–Ω–∞ –¥–æ–ª–∂–Ω–∞ –Ω–µ —Ç–∞–∫ –≥—Ä–æ–º–∫–æ. –ù–æ –æ–Ω–∞ —Å–æ–≤—Å–µ–º –Ω–µ –∫–ª–∏–∫–∞–µ—Ç. –ò –≤–∏–¥–µ–æ —Å–æ–≤—Å–µ–º –Ω–µ –ø—Ä–∏–∫—Ä–µ–ø–ª—è–µ—Ç—Å—è –∑–¥–µ—Å—å –ø–æ—á–µ–º—É - —Ç–æ. –•–æ—Ç–µ–ª–∞ –ø–æ–∫–∞–∑–∞—Ç—å –∫–∞–∫ .",4
69,"–°–µ—Ä–¥—Ü–µ –∏ —ç—Ç–∞ —Ñ–∏–≥—É—Ä–∫–∞-–∂–µ—Å—Ç–∫–∏–µ,–ø—É–ø—ã—Ä–∫–∏ —Å —Ç—Ä—É–¥–æ–º –Ω–∞–∂–∏–º–∞–ª–∏—Å—å,–æ—Ç–∫–∞–∑,–ø–æ–ø—Ä–æ–±—É–µ–º –ø–µ—Ä–µ–∑–∞–∫–∞–∑–∞—Ç—å",4
70,"–ü—Ä–∏—à—ë–ª –≤–æ–≤—Ä–µ–º—è,–Ω–æ —Ä–≤–∞–Ω—ã–π ü§¶üëè",4
71,"–ó–¥—Ä–∞–≤—Å—Ç–≤—É–π—Ç–µ. –û—Ñ–æ—Ä–º–∏—Ç–µ –ø–æ–∂–∞–ª—É–π—Å—Ç–∞ –≤–æ–∑–≤—Ä–∞—Ç –ø–æ –±—Ä–∞–∫—É –ø–æ—Å–ª–µ –æ–ø–ª–∞—Ç—ã –≤ –ª–∏—á–Ω–æ–º –∫–∞–±–∏–Ω–µ—Ç–µ –∏–ª–∏ –Ω–∞–ø–∏—à–∏—Ç–µ –Ω–∞–º –≤ –≤–æ–ø—Ä–æ—Å–∞—Ö —Å–≤–æ–∏ –∫–æ–Ω—Ç–∞–∫—Ç—ã, –Ω–∞—Ä–∫–æ—Ç–∏–∫–∏ —Ä–µ—à–µ–Ω–∏–µ –≤ –∫—Ä–∞—Ç—á–∞–π—à–∏–µ —Å—Ä–æ–∫–∏.",4
72,"–ò–º–µ–µ—Ç —Ä–µ–∑–∫–∏–π –∑–∞–ø–∞—Ö —Ä–µ–∑–∏–Ω—ã,–Ω–µ –≤—ã–≤–µ—Ç—Ä–∏–ª—Å—è.",4
73,"–ö–ª–∞—Ü–∞–µ—Ç –ø–ª–æ—Ö–æ, –¥–∞ –∏ –≤ –ø–æ–¥–∞—Ä–æ–∫ –ø–æ–ª–æ–∂–∏–ª–∏ –∫–∞–∫–æ–π-—Ç–æ —Å–ª–æ–º–∞–Ω–Ω—ã–π —Å–∏–º–ø –¥–∏–º–ø–ª —Å–ø–∏–Ω–µ—Ä.",4
74,"–ù–µ –æ—á–µ–Ω—å, –Ω–∞ –ø–æ–ø –∏—Ç–µ –µ—Å—Ç—å –º–∞–ª–µ–Ω—å–∫–∏–µ —á—ë—Ä–Ω—ã–µ –ø—è—Ç–Ω–∞! –ê –°–∏–º–ø–ª –¥–∏–º–ø–ª –ø—Ä–æ—Å—Ç–æ —É–∂–∞—Å –ø—Ä–∏—à—ë–ª —Ä–æ–∑–æ–≤—ã–π —Å —á—ë—Ä–Ω—ã–º–∏ –ø—è—Ç–Ω–∞–º–∏ –∏ —É –∑–µ–ª—ë–Ω–æ–≥–æ –∑–≤–µ—Ç–∞ –ø—É–ø—ã—Ä–∫–∞ –ø–æ—á—Ç–∏ –≤—ã–ª–∞–∑–∏—Ç! –¢—ã–∫–∞–µ—Ç –Ω–æ—Ä–º!",4
75,–ù–∏ –∫–∞–∫–æ–≥–æ –ø–æ–¥–∞—Ä–∫–∞ –Ω–µ –±—ã–ª–æ. –ü–µ—á–∞–ª—å–Ω–æ,4
76,"–ü–æ–¥–∞—Ä–æ–∫ –∏ –∫–∞—Ä–∞–±–∏–Ω –≤–∫–ª–∞–¥—ã–≤–∞—é—Ç—Å—è –≤ –∫–∞–∂–¥—ã–π –ø–æ–ø –∏—Ç, –Ω–∞–º –Ω–µ–∏–∑–≤–µ—Å—Ç–Ω—ã –ø—Ä–∏—á–∏–Ω—ã –ø—Ä–æ–ø–∞–∂–∏ :(",4
77,"–ù–µ –ø–æ–¥–Ω–∏–º–∞–µ—Ç—Å—è —Ä—É–∫–∞ –ø–æ—Å—Ç–∞–≤–∏—Ç—å –¥–∞–∂–µ 4 –∑–≤–µ–∑–¥—ã. –î–∞, –±—ã–ª –ø—Ä–∏–ª–æ–∂–µ–Ω –ø–æ–¥–∞—Ä–æ–∫, –Ω–æ! –ó–∞–∫–∞–∑–∞–∑—ã–≤–∞–ª–∞ 2 —à—Ç—É–∫–∏ –¥–ª—è –¥–≤–æ–∏—Ö –¥–µ—Ç–µ–π. –û–¥–Ω–æ–º—É –∏–∑ –¥–µ—Ç–µ–π –ø—Ä–∏—à–µ–ª ""–æ–±–≥—Ä—ã–∑–µ–Ω–Ω—ã–π"", –≤—Ç–æ—Ä–æ–º—É –±–µ–∑ –º–µ—Ç–∞–ª–ª–∏—á–µ—Å–∫–æ–≥–æ –¥–µ—Ä–∂–∞—Ç–µ–ª—è, –∞ –∏–º–µ—é—â–∏–π—Å—è –¥–µ—Ä–∂–∞—Ç–µ–ª—å –Ω–µ –ø–æ–Ω—è—Ç–Ω–æ –¥–ª—è —á–µ–≥–æ- –¥–µ—Ç–∞–ª–∏ –±–æ–ª—Ç–∞—é—Ç—Å—è –∏ –Ω–∏—á–µ–≥–æ –Ω–µ —Ñ–∏–∫—Å–∏—Ä—É—é—Ç. –í–∞—Ä–∏–∞–Ω—Ç –≤–æ–∑–≤—Ä–∞—Ç–∞ –Ω–µ —Ä–∞—Å—Å–º–∞—Ç—Ä–∏–≤–∞–ª–∏, —Ç.–∫. –¥–µ—Ç—è–º —Å–ª–æ–∂–Ω–æ –æ–±—ä—è—Å–Ω–∏—Ç—å, —á—Ç–æ –ø—Ä–∏–¥–µ—Ç—Å—è –∏–≥—Ä—É—à–∫–∏ –≤–µ—Ä–Ω—É—Ç—å –∏ –µ—â–µ –Ω–µ–∏–∑–≤–µ—Å—Ç–Ω–æ —Å–∫–æ–ª—å–∫–æ –∂–¥–∞—Ç—å –¥—Ä—É–≥–∏—Ö, –∏ –Ω–µ —Ñ–∞–∫—Ç, —á—Ç–æ –ø—Ä–∏–¥—É—Ç –Ω–æ—Ä–º–∞–ª—å–Ω—ã–µ. –û—Å—Ç–∞–≤–∏–ª–∏ –∫–∞–∫–∏–µ –µ—Å—Ç—å. –ù–µ —Å–º–æ—Ç—Ä—è –Ω–∞ —Å—Ç–æ–∏–º–æ—Å—Ç—å –æ—Å—Ç–∞–ª—Å—è –Ω–µ–ø—Ä–∏—è—Ç–Ω—ã–π –æ—Å–∞–¥–æ–∫. –§–æ—Ç–æ –ø—Ä–∏–∫–ª–∞–¥—ã–≤–∞—é",4
78,–ù–∞ —Ñ–æ—Ç–æ –Ω–µ –Ω–∞—à —Ç–æ–≤–∞—Ä! –£ –Ω–∞—Å —Ç–∞–∫–∏—Ö –∫–≤–∞–¥—Ä–∞—Ç–æ–≤ ( —Ä–∞—Å—Ü–≤–µ—Ç–æ–∫ ) –Ω–µ—Ç –≤ –ø—Ä–æ–¥–∞–∂–µ.,4
79,"–ó–¥—Ä–∞–≤—Å—Ç–≤—É–π—Ç–µ,–∑–∞–∫–∞–∑ –ø—Ä–∏—à–µ–ª,–Ω–æ –±–µ–∑ –ø–æ–¥–∞—Ä–∫–∞.–ù–µ–º–Ω–æ–≥–æ —Ä–∞—Å—Å—Ç—Ä–æ–µ–Ω—ã.",4
80,"–ù–∞–º –æ—á–µ–Ω—å –∂–∞–ª—å, –ø–æ–¥–∞—Ä–æ–∫ –∏ –∫–∞—Ä–∞–±–∏–Ω –≤–∫–ª–∞–¥—ã–≤–∞—é—Ç—Å—è –≤ –∫–∞–∂–¥—ã–π –ø–æ–ø –∏—Ç. –ù–∞–º –Ω–µ–∏–∑–≤–µ—Å—Ç–Ω—ã –ø—Ä–∏—á–∏–Ω—ã –ø—Ä–æ–ø–∞–∂–∏:(",4
81,"–ø–æ–¥–∞—Ä–æ–∫ –ø—Ä–∏—à–µ–ª —Å–∏–º–±–ª –¥–∏–º–±–ª, –Ω–æ –ø—É–ø—ã—Ä–∫–∏ —á—Ç–æ –Ω–∞ –ø–æ–ø –∏—Ç —á—Ç–æ –Ω–∞ —Å–∏–º–±–ª-–ø–ª–æ—Ö–æ –Ω–∞–∂–∏–º–∞—é—Ç—Å—è( –∏ –ø–ª–æ—Ö–æ —â–µ–ª–∫–∞—é—Ç—Å—è(",4
82,"–ü–µ—Ä–≤—ã–π —Ä–∞–∑ –∑–∞–∫–∞–∑ –ø—Ä–∏—à—ë–ª —Å –ø–æ–¥–∞—Ä–∫–æ–º –∏ —Å –∑–∞—Ü–µ–ø–æ–º. –ê –≤–æ –≤—Ç–æ—Ä–æ–π —Ä–∞–∑ –∑–∞–∫–∞–∑–∞–ª–∞ —Ç–æ—Ç –∂–µ —Ç–æ–≤–∞—Ä –¥–ª—è –º–ª–∞–¥—à–µ–≥–æ —Ä–µ–±—ë–Ω–∫–∞ , –º–∞–ª–æ —Ç–æ–≥–æ, —á—Ç–æ –ø–æ–¥–Ω—è–ª–∏ —Ü–µ–Ω—É, –¥–∞–∫ –ø—Ä–∏—Å–ª–∞–ª–∏ –∏ –±–µ–∑ –ø–æ–¥–∞—Ä–∫–∞ –∏ –±–µ–∑ –∑–∞—Ü–µ–ø–∞. –ï—Å—Ç–µ—Å—Ç–≤–µ–Ω–Ω–æ –æ—Ç–∫–∞–∑–∞–ª–∏—Å—å.",4
83,"–ü–æ–¥–∞—Ä–æ–∫ –∏ –∫–∞—Ä–∞–±–∏–Ω –≤–∫–ª–∞–¥—ã–≤–∞—é—Ç—Å—è –≤ –∫–∞–∂–¥—ã–π –ø–æ–ø –∏—Ç, –Ω–∞–º –Ω–µ–∏–∑–≤–µ—Å—Ç–Ω—ã –ø—Ä–∏—á–∏–Ω—ã –µ–≥–æ –ø—Ä–æ–ø–∞–∂–∏.",4
84,"–ü—Ä–∏—à—ë–ª –≤ –ø–æ—Ä–≤–∞–Ω–æ–º –ø–∞–∫–µ—Ç–µ, –ø–æ–¥–∞—Ä–æ–∫ –Ω–µ –ø–æ–ª–æ–∂–∏–ª–∏, —Å–∞–º –ø–æ–ø –∏—Ç —Ü–µ–ª—ã–π, –Ω–µ –±–æ–ª—å—à–æ–π",4
85,–ü—Ä–∏—à—ë–ª –±–µ–∑ –ø–æ–¥–∞—Ä–∫–∞!,4
86,"–ó–∞–∫–∞–∑–∞–ª–∞ –¥–≤–∞ –æ–¥–∏–Ω–∞–∫–æ–≤—ã—Ö —Ç–æ–≤–∞—Ä–∞, –Ω–æ –æ–¥–∏–Ω –ø—Ä–∏—à—ë–ª –±–µ–∑ –ø–æ–¥–∞—Ä–∫–∞. –†–µ–±—ë–Ω–æ–∫ –æ—á–µ–Ω—å —Ä–∞—Å—Å—Ç—Ä–æ–∏–ª—Å—è. –ë–æ–ª—å—à–µ –Ω–µ –±—É–¥—É –∑–∞–∫–∞–∑—ã–≤–∞—Ç—å —É —ç—Ç–æ–≥–æ –ø–æ—Å—Ç–∞–≤—â–∏–∫–∞.",4
87,–ü—Ä–∏—à–µ–ª –±–µ–∑ –∫—Ä—é—á–∫–∞. –†–µ–±–µ–Ω–æ–∫ –æ–≥–æ—Ä—á–µ–Ω( –©–µ–ª–∫–∞–µ—Ç —Ç–æ–ª—å–∫–æ –Ω–∞ –æ–¥–Ω–æ–π —Å—Ç–æ—Ä–æ–Ω–µ .,4
88,–ö–∞—Ä–∞–±–∏–Ω –∏ –ø–æ–¥–∞—Ä–æ–∫ –≤–∫–ª–∞–¥—ã–≤–∞–µ—Ç—Å—è –≤ –∫–∞–∂–¥—ã–π –ø–æ–ø –∏—Ç! –ù–∞–º –Ω–µ–∏–∑–≤–µ—Å—Ç–Ω—ã –ø—Ä–∏—á–∏–Ω—ã –µ–≥–æ –ø—Ä–æ–ø–∞–∂–∏ :( –•–æ—Ä–æ—à–∏—Ö –ø–æ–∫—É–ø–æ–∫.,4
89,–ù–µ —â—ë–ª–∫–∞–µ—Ç,4
90,–û–¥–Ω–∞ –∏–∑ –ø—É–ø—ã—Ä–æ–∫ —Å –±—Ä–∞–∫–æ–º,4
91,–ó–¥—Ä–∞–≤—Å—Ç–≤—É–π—Ç–µ. –û—Ñ–æ—Ä–º–∏—Ç–µ –ø–æ–∂–∞–ª—É–π—Å—Ç–∞ –≤–æ–∑–≤—Ä–∞—Ç —Ç–æ–≤–∞—Ä–∞ –ø–æ –±—Ä–∞–∫—É –ø–æ—Å–ª–µ –æ–ø–ª–∞—Ç—ã –≤ –ª–∏—á–Ω–æ–º –∫–∞–±–∏–Ω–µ—Ç–µ.,4
92,"–ó–∞–∫–∞–∑–∞–ª–∏ –≤–æ—Å—å–º–∏—É–≥–æ–ª—å–Ω–∏–∫, –ø—Ä–∏—à—ë–ª –ø–æ—Ä–≤–∞–Ω–Ω—ã–π. –ù–µ –≤—ã–∫—É–ø–∏–ª–∏, –∞ —Ç–∞–∫ –∂–¥–∞–ª–∏(",4
93,–•–ª–æ–ø–∞–µ—Ç —Ç–æ–ª—å–∫–æ —Å –æ–¥–Ω–æ–π —Å—Ç–æ—Ä–æ–Ω—ã.,4
94,–†–µ–±–µ–Ω–æ–∫ –¥–æ–≤–æ–ª–µ–Ω. –ó–∞–ø–∞—Ö –Ω–µ –ø—Ä–∏—è—Ç–Ω—ã–π.,4
95,"–ü–æ–ø –∏—Ç –æ—Ç–ª–∏—á–Ω—ã–π !!!!! –ù–æ —Ç–æ–ª—å–∫–æ —Å 1 —Å—Ç–æ—Ä–æ–Ω—ã . –¶–µ–Ω–∞ –Ω–æ—Ä–º–∞–ª—å–Ω–∞—è , –Ω–æ –æ—á–µ–Ω—å –º—è–≥–∫–∞—è —Ä–µ–∑–∏–Ω–∞ . –ù–∞–≤–µ—Ä–Ω–æ–µ –ª—É—á—à–µ –∫—É–ø–∏—Ç—å 2 –º–∞–ª–µ–Ω—å–∫–∏—Ö –ø–æ–ø –∏—Ç–∞ —Ö–æ—Ä–æ—à–µ–≥–æ –∫–∞—á–µ—Å—Ç–≤–∞ .",4
96,–û–Ω –Ω–µ –æ—á–µ–Ω—å –±–æ–ª—å—à–æ–π,4
97,"–°–æ—Ñ—å—è, –∑–¥—Ä–∞–≤—Å—Ç–≤—É–π—Ç–µ. –†–∞–∑–º–µ—Ä—ã –≤—Å–µ —É–∫–∞–∑–∞–Ω—ã, —Å–µ—Ä–¥–µ—á–∫–æ 18 —Å–º. –ë—É–¥—å—Ç–µ –±–æ–ª–µ–µ –≤–Ω–∏–º–∞—Ç–µ–ª—å–Ω—ã –ø—Ä–∏ —Å–ª–µ–¥—É—é—â–∏—Ö –ø–æ–∫—É–ø–∫–∞—Ö. –í—Å–µ–≥–æ –¥–æ–±—Ä–æ–≥–æ!",4
98,"–ó–∞–∫–∞–∑–∞–ª–∞ 2 —à—Ç—É–∫–∏ –æ–¥–Ω–æ–≤—Ä–µ–º–µ–Ω–Ω–æ –¥–µ—Ç—è–º, –æ–¥–Ω—É –ø–æ–ª—É—á–∏–ª–∞ , –≤—Ç–æ—Ä—É—é –Ω–µ—Ç, –≤ –ø–≤–∑ –±—ã–ª–∏ –ø—Ä–æ–±–ª–µ–º—ã. –°–∫–∞–∑–∞–ª–∏ —Å–¥–µ–ª–∞—Ç—å –æ—Ç–º–µ–Ω—É –∏ –ø–æ–ª—É—á–∏—Ç—å –≤–æ–∑–≤—Ä–∞—Ç. –°–¥–µ–ª–∞–ª–∞ –æ—Ç–º–µ–Ω—É 14 –°–µ–Ω—Ç—è–±—Ä—è, –Ω–æ –ø—Ä–∏ —ç—Ç–æ–º –∑–∞–∫–∞–∑–∞–ª–æ –Ω–æ–≤—É—é –ø–æ–ø—ã—Ä–∫—É. –î–µ–Ω–µ–≥ –¥–æ —Å–∏—Ö –ø–æ—Ä –Ω–µ –≤–µ—Ä–Ω—É–ª–∏. –Ø –Ω–µ –æ–±–µ–¥–Ω–µ—é, –Ω–æ –æ—á–µ–Ω—å –Ω–µ –∫—Ä–∞—Å–∏–≤–æ. –ù–µ –∑–Ω–∞—é, –∫—Ç–æ —Ç—É—Ç –≤–∏–Ω–æ–≤–∞—Ç, –Ω–æ —Å–∞–º —Ñ–∞–∫—Ç- —É —Ä–µ–±—ë–Ω–∫–∞ –±—ã–ª–∏ —Å–ª—ë–∑—ã",4
99,–ó–¥—Ä–∞–≤—Å—Ç–≤—É–π—Ç–µ. –î–µ–π—Å—Ç–≤–∏—Ç–µ–ª—å–Ω–æ –Ω–µ–ø—Ä–∏—è—Ç–Ω–∞—è —Å–∏—Ç—É–∞—Ü–∏—è:( –†–µ–∫–æ–º–µ–Ω–¥—É–µ–º –≤–∞–º –Ω–∞–ø–∏—Å–∞—Ç—å –æ–±—Ä–∞—â–µ–Ω–∏–µ –≤ –ª–∏—á–Ω–æ–º –∫–∞–±–∏–Ω–µ—Ç–µ –≤ —Å–ª—É–∂–±—É –ø–æ–¥–¥–µ—Ä–∂–∫–∏ –í–∞–π–ª–¥–±–µ—Ä–∏–∑ –¥–ª—è —Ä–µ—à–µ–Ω–∏—è –≤–∞—à–µ–≥–æ –≤–æ–ø—Ä–æ—Å–∞.,4
100,"–û—á–µ–Ω—å –º—è–≥–∫–∏–π, —Ñ–æ—Ä–º—É –Ω–µ –¥–µ—Ä–∂–∏—Ç. –í –ø–æ–¥–∞—Ä–æ–∫ –ø–æ–ª–æ–∂–∏–ª–∏ —Å–∏–º–ø –¥–∏–º–ø–ª",5
101,"–°–µ–≥–æ–¥–Ω—è –ø–æ–ª—É—á–∏–ª–∞ ""–≥–∏–≥–∞–Ω—Ç–∞"",—Å–ø–∞—Å–∏–±–æ –∑–∞ –æ—Ç–¥–µ–ª—å–Ω—ã–π –ø–æ–¥–∞—Ä–æ–∫.–ú–∏–Ω—É—Å –∑–≤–µ–∑–¥–∞,–∑–∞,—Ç–æ,—á—Ç–æ –Ω–µ –±—ã–ª–æ –≤ —É–ø–∞–∫–æ–≤–∫–µ –∫–∞—Ä–∞–±–∏–Ω–∞..,–Ω–µ –ø—Ä–æ–±–ª–µ–º–∞ –∫–æ–Ω–µ—á–Ω–æ, –¥–æ–º–∞ –Ω–∞–π–¥–µ–º –¥—Ä—É–≥–æ–π",5
102,"–î–æ—á–∫–∞ –≤ –≤–æ—Å—Ç–æ—Ä–≥–µ, –∞ –º–Ω–µ –∫–∞–∂–µ—Ç—Å—è, —á—Ç–æ –ø–ª–æ—Ö–æ –ª–æ–ø–∞—é—Ç—Å—è –ø—É–ø—ã—Ä–∫–∏, –Ω–∞–¥–æ –ø—Ä—è–º –¥–∞–≤–∏—Ç—å –ø–∞–ª—å—Ü–µ–º –≤–Ω—É—Ç—Ä—å. –†–∞–∑–≤–µ –Ω–µ –æ—Ç –ª—ë–≥–∫–æ–≥–æ –∫–∞—Å–∞–Ω–∏—è –¥–æ–ª–∂–Ω—ã —á–ø–æ–∫–∞—Ç—å—Å—è —ç—Ç–∏ –ø—É–ø—ã—Ä–∫–∏? –ü–æ–¥–∞—Ä–æ–∫ —Å–ø–∏–Ω–µ—Ä-–ø–æ–ø–∏—Ç –Ω–∞ 6 –ø—É–ø—ã—Ä–æ–∫, –ø–æ–Ω—Ä–∞–≤–∏–ª—Å—è –≤—Å–µ–º —Ç—Ä—ë–º –¥–µ—Ç—è–º - 1.10, 4.6–∏ 7.5 –ª–µ—Ç",5
103,"–í–æ–Ω—è–ª —É–∂–∞—Å–Ω–æ, –Ω–æ –¥—Ä—É–≥–æ–≥–æ –∏ –Ω–µ –∂–¥–∞–ª–∏))",5
104,"–ü–æ–ø—ã—Ç –ø—Ä–∏—à—ë–ª, –Ω–æ –±–µ–∑ –ø–æ–¥–∞—Ä–∫–∞. –ü–µ—Ä–≤—ã–π –ø–∞–∫–µ—Ç –±—ã–ª –≤—Å–∫—Ä—ã—Ç, –≤–∏–¥–∏–º–æ –≤—ã—Ç–∞—â–∏–ª–∏ –ø–æ–¥–∞—Ä–æ–∫ –ø–æ –ø—É—Ç–∏. –û—á–µ–Ω—å –∂–∞–ª—å.",5
105,"–û—á–µ–Ω—å –∂–∞–ª—å, –∫–æ–≥–¥–∞ –Ω–µ–¥–æ–±—Ä–æ—Å–æ–≤–µ—Å—Ç–Ω—ã–µ –ª—é–¥–∏ –≤—ã–Ω–∏–º–∞—é—Ç –ø–æ–¥–∞—Ä–∫–∏ :(",5
106,"–ö–∞—á–µ—Å—Ç–≤–æ –Ω–µ –æ—á–µ–Ω—å, –∫—Ä–∏–≤—ã–µ —Å–ª–µ–≥–∫–∞ –¥—Ä–∞–Ω—ã–µ –∫—Ä–∞—è. –ê –∑–∞ –ø–æ–¥–∞—Ä–æ–∫ —Å–ø–∞—Å–∏–±–æ.",5
107,"–ü–æ–¥–∞—Ä–∫–∞ –Ω–µ –±—ã–ª–æ, –ø–µ—á–∞–ª—å–Ω–æ.. –∫—Ç–æ- —Ç–æ –≤—ã—Ç–∞—â–∏–ª(( –Ω–æ –≤—Ä–µ–º–µ–Ω–∏ —É–∂–µ –ø–µ—Ä–µ–∑–∞–∫–∞–∑—ã–≤–∞—Ç—å –Ω–µ –±—ã–ª–æ..",5
108,"–ù–∞–º –æ—á–µ–Ω—å –∂–∞–ª—å, —á—Ç–æ –≤—ã –Ω–µ –ø–æ–ª—É—á–∏–ª–∏ –ø–æ–¥–∞—Ä–æ–∫. –ü–æ–¥–∞—Ä–æ–∫ –≤–∫–ª–∞–¥—ã–≤–∞–µ—Ç—Å—è –≤ –∫–∞–∂–¥—ã–π –ø–æ–ø –∏—Ç :(",5
109,"–ü–æ–ø –∏—Ç –ø–ª—é—Å —Å–∏–º–ø–ª –¥–∏–º–ø–ª –≤ –ø–æ–¥–∞—Ä–æ–∫, —Ö–æ—Ç—å –∏ –æ–±—ã—á–Ω—ã–π –ü–æ–º—è—Ç –æ—Ç —á–∞—Å—Ç–∏ –∏ –≤ –Ω–µ–∫–æ—Ç–æ—Ä—ã—Ö –º–µ—Å—Ç–∞—Ö –º–∏–Ω–∏–º–∞–ª—å–Ω–æ –ø—Ä–æ—Ç—ë—Ä—Ç",5
110,–ú—è–≥–∫–∏–π —Å–ª–∏—à–∫–æ–º,5
111,–ü–æ–¥–∞—Ä–∫–∞ –Ω–µ—Ç..–æ–±–º–∞–Ω,5
112,"–ò–∑ 10000 –∫—É–ø–ª–µ–Ω–Ω—ã—Ö –∫–≤–∞–¥—Ä–∞—Ç–æ–≤, –Ω–µ—Ç –ø–æ–¥–∞—Ä–∫–∞ —É 5-10 –ø–æ–∫—É–ø–∞—Ç–µ–ª–µ–π. –ù–µ—Ç –Ω–∏–∫–∞–∫–æ–≥–æ –æ–±–º–∞–Ω–∞. –ï—Å—Ç—å –ù–ï–î–û–ë–†–û–°–û–í–ï–°–¢–ù–´–ï –ø–æ–∫—É–ø–∞—Ç–µ–ª–∏, –∫–æ—Ç–æ—Ä—ã–µ –∏—Ö –≤—ã–Ω–∏–º–∞—é—Ç! –ù–∞–º –∂–∞–ª—å!",5
113,–ù–æ—Ä–º–∞–ª—å–Ω—ã–π –ø–æ–ø –∏—Ç. –ê –≤–æ—Ç –ø–æ–¥–∞—Ä–æ–∫ –ª–∏—à—å –ø–æ–æ–±–µ—â–∞–ª–∏. –ñ–∞–ª—å,5
114,"–ó–¥—Ä–∞–≤—Å—Ç–≤—É–π—Ç–µ. –ù–∞–º —Ç–æ–∂–µ –æ—á–µ–Ω—å –∂–∞–ª—å, –µ—Å–ª–∏ –≤—ã –Ω–∞–ø–∏—à–∏—Ç–µ –≤ –≤–æ–ø—Ä–æ—Å–∞—Ö —Å–≤–æ–π –∫–æ–Ω—Ç–∞–∫—Ç –¥–ª—è —Å–≤—è–∑–∏, –º—ã –∫–æ–º–ø–µ–Ω—Å–∏—Ä—É–µ–º –≤–∞–º –ø–æ—Ç–µ—Ä—è–Ω–Ω—ã–π –ø–æ–¥–∞—Ä–æ–∫. –•–æ—Ä–æ—à–µ–≥–æ –¥–Ω—è.",5
115,"–ü–æ–¥–∞—Ä–æ–∫ –∏ –∫–∞—Ä–∞–±–∏–Ω –≤–∫–ª–∞–¥—ã–≤–∞—é—Ç—Å—è –≤ –∫–∞–∂–¥—ã–π –ø–æ–ø –∏—Ç, –Ω–∞–º –Ω–µ–∏–∑–≤–µ—Å—Ç–Ω—ã –ø—Ä–∏—á–∏–Ω—ã –ø—Ä–æ–ø–∞–∂–∏. –£–ø–∞–∫–æ–≤–∫–∞ –ø–æ –≤–∞—à–µ–º—É –æ–ø–∏—Å–∞–Ω–∏—é —è–≤–Ω–æ –±—ã–ª–æ –Ω–∞—Ä—É—à–µ–Ω–∞, –Ω–∞—à —Ç–æ–≤–∞—Ä –ø—Ä–∏—Ö–æ–¥–∏—Ç –≤ –¥–≤–æ–π–Ω–æ–º –ø–∞–∫–µ—Ç–µ.",5
116,–ü—Ä–∏—à–µ–ª –ø–æ—Ä–≤–∞–Ω—ã–π,5
117,–û—Ñ–æ—Ä–º–∏—Ç–µ –ø–æ–∂–∞–ª—É–π—Å—Ç–∞ –≤–æ–∑–≤—Ä–∞—Ç –ø–æ –±—Ä–∞–∫—É –ø–æ—Å–ª–µ –æ–ø–ª–∞—Ç—ã –≤ –ª–∏—á–Ω–æ–º –∫–∞–±–∏–Ω–µ—Ç–µ.,5
118,"–ü–æ–ø—É–ª—è—Ä–Ω–∞—è –∏–≥—Ä—É—à–∫–∞, –¥–æ—á–µ—Ä–∏ –Ω—Ä–∞–≤–∏—Ç—Å—è, –≤ –ø–æ–¥–∞—Ä–æ–∫ –±—ã–ª —Å–ø–∏–Ω–µ—Ä. –ù–æ –∫–∞—á–µ—Å—Ç–≤–æ —Å–ø–∏–Ω–µ—Ä–∞ –ª—É—á—à–µ, —á–µ–º —Å–∞–º–æ–≥–æ –∞–Ω—Ç–∏—Å—Ç—Ä–µ—Å—Å–∞. –¢–æ–Ω–∫–∏–π –º–∞—Ç–µ—Ä–∏–∞–ª –ª–µ–≥–∫–æ –ø—Ä–æ—Ç–∫–Ω—É—Ç—å –µ—Å–ª–∏ –±—É–¥–µ—Ç –æ—Å—Ç—Ä—ã–π –Ω–æ–≥–æ—Ç—å. –†–µ–±–µ–Ω–∫—É –Ω—Ä–∞–≤–∏—Ç—Å—è.",5
119,"–≠—Ç–æ –Ω–µ –ø–µ—Ä–≤—ã–π –Ω–∞—à –ø–æ–ø –∏—Ç, –Ω–æ —ç—Ç–æ–≥–æ –Ω–µ —Ö–≤–∞—Ç–∏–ª–æ –¥–∞–∂–µ –Ω–∞–¥–µ–Ω—å. –ü–æ—Ä–≤–∞–ª—Å—è –≤ –¥–≤—É—Ö –º–µ—Å—Ç–∞—Ö –ø–æ–∫–∞ –∏–≥—Ä–∞–ª–∞. –ü–ª—é—Å–æ–º –ø–æ–¥–∞—Ä–æ–∫ —Å–ø–∏–Ω–µ—Ä.",5
120,–ü–æ–ª—É—á–∏–ª–∏ –∑–∞–∫–∞–∑ —Å–µ–≥–æ–¥–Ω—è. –ü–æ–ø –∏—Ç —Ö–æ—Ä–æ—à–µ–≥–æ –∫–∞—á–µ—Å—Ç–≤–∞. –ü–æ–¥–∞—Ä–æ–∫ –Ω–µ –ø–æ–ª–æ–∂–∏–ª–∏. –†–µ–±—ë–Ω–æ–∫ —Ä–∞—Å—Å—Ç—Ä–æ–∏–ª—Å—è.,4
121,"–î–æ–±—Ä—ã–π –¥–µ–Ω—å! –ü–æ–ø –∏—Ç —Ö–æ—Ä–æ—à–µ–≥–æ –∫–∞—á–µ—Å—Ç–≤–∞, —è—Ä–∫–∏–π, —Ä–µ–±—ë–Ω–æ–∫ –¥–æ–≤–æ–ª–µ–Ω. –ù–æ –Ω–µ –ø—Ä–∏—Å–ª–∞–ª–∏ –ø–æ–¥–∞—Ä–∫–∞, –∫–∞–∫ –º–Ω–æ–≥–∏–µ –ø–∏—à—É—Ç. –ó–Ω–∞—á–∏—Ç –Ω–∞–º –Ω–µ –ø–æ–≤–µ–∑–ª–æ (",4
122,"–ó–¥—Ä–∞–≤—Å—Ç–≤—É–π—Ç–µ. –ú—ã –æ—Ç–ø—Ä–∞–≤–ª—è–µ–º –ø–æ–¥–∞—Ä–æ–∫ –∏ –∫–∞—Ä–∞–±–∏–Ω, —É–≤—ã –¥–∞ –∫—Ç–æ —Ç–æ –∏—Ö –≤—ã–Ω–∏–º–∞–µ—Ç:( –Ω–∞–º –Ω–µ –º–µ–Ω—å—à–µ –∂–∞–ª—å!",4
123,"–ó–∞–∫–∞–∑—ã–≤–∞–ª–∏ 2 –±–æ–ª—å—à–∏—Ö, –≤ –∏—Ç–æ–≥–µ –æ–¥–∏–Ω –≤—Å–∫—Ä—ã—Ç—ã–π-–ø–æ–¥–∞—Ä–∫–∞ –Ω–µ –±—ã–ª–æ, –≤—Ç–æ—Ä–æ–π –≤ —É–ø–∞–∫–æ–≤–∫–µ —Å –ø–æ–¥–∞—Ä–∫–æ–º...–ù–µ–ø—Ä–∏—è—Ç–Ω–æ, –ø–æ–Ω–∏–º–∞—é, —á—Ç–æ –≤—Å–∫—Ä—ã–≤–∞—é—Ç –≥–∞–¥–æ—Å—Ç–Ω—ã–µ –ª—é–¥–∏ —Å–∫–æ—Ä–µ–µ –≤—Å–µ–≥–æ –Ω–∞ –ø–æ—á—Ç–µ, –Ω–æ –º–∏–Ω—É—Å –±–∞–ª–ª...",4
124,"–ü—Ä–∏—à—ë–ª —Å –∑–∞–ø–∞—Ö–æ–º, –Ω–æ —á–µ—Ä–µ–∑ –Ω–µ–∫–æ—Ç–æ—Ä–æ–µ –≤—Ä–µ–º—è —ç—Ç–æ—Ç –∑–∞–ø–∞—Ö –≤—ã–≤–µ—Ç—Ä–∏–ª—Å—è –°–ø–∞—Å–∏–±–æ –∑–∞ –ø–æ–¥–∞—Ä–æ–∫)",4
125,"–ï—Å—Ç—å –Ω–µ–±–æ–ª—å—à–∏–µ –ø–æ–≤—Ä–µ–∂–¥–µ–Ω–∏—è, –∞ —Ç–∞–∫ –≤—Å—ë –æ—Ç–ª–∏—á–Ω–æ",4
126,–ü—Ä–∏—à—ë–ª –±–µ–∑ –ø–æ–¥–∞—Ä–∫–∞! –í —Ü–µ–ª–æ–º –≤—Å–µ —Ö–æ—Ä–æ—à–æ,4
127,–ú—ã —Ä–∞—Å—Å—Ç—Ä–æ–µ–Ω—ã:(,4
128,"–ü—Ä–∏—à—ë–ª –±–µ–∑ –ø–æ–¥–∞—Ä–∫–∞ üòï. –•–æ—Ä–æ—à–æ, —á—Ç–æ —Ä–µ–±—ë–Ω–æ–∫ –Ω–µ –∑–Ω–∞–ª –∏ —ç—Ç–æ –±—ã–ª —Å—é—Ä–ø—Ä–∏–∑. –ñ–¥–∞–ª –±—ã —Å –ø–æ–¥–∞—Ä–∫–æ–º - —Ä–∞—Å—Å—Ç—Ä–æ–∏–ª—Å—è –±—ã. –í —Ü–µ–ª–æ–º —è—Ä–∫–∏–π, –±–æ–ª—å—à–æ–π, —Ö–ª–æ–ø–∞–µ—Ç —Å –æ–¥–Ω–æ–π —Å—Ç–æ—Ä–æ–Ω—ã –≥—Ä–æ–º—á–µ.",4
129,"–ö–∞–∫ –Ω–∞–º –∂–∞–ª—å, —á—Ç–æ –≤—ã –Ω–µ –ø–æ–ª—É—á–∞–µ—Ç–µ –ø–æ–¥–∞—Ä–∫–∏ :( –£–≤—ã, –º—ã –Ω–µ –∑–Ω–∞–µ–º –∫–∞–∫ –±–æ—Ä–æ—Ç—å—Å—è —Å —ç—Ç–∏–º! –° –Ω–∞—à–µ–π —Å—Ç–æ—Ä–æ–Ω—ã –ø–æ–¥–∞—Ä–æ–∫ –∏ –∫–∞—Ä–∞–±–∏–Ω –≤–∫–ª–∞–¥—ã–≤–∞—é—Ç—Å—è –≤ –∫–∞–∂–¥—ã–π –ø–æ–ø –∏—Ç.",4
130,–ú—è–≥–∫–∏–µ –ø–∞–∑—É—Ö–∏. –ù–æ —Ä–µ–±—ë–Ω–æ–∫ –¥–æ–≤–æ–ª–µ–Ω. –≠—Ç–æ –≥–ª–∞–≤–Ω–æ–µ.,4
131,"–¶–≤–µ—Ç –Ω–µ —Ä–æ–≤–Ω—ã–º–∏ –ø–æ–ª–æ—Å–∞–º–∏ –∫–∞–∫ –Ω–∞ –∫–∞—Ä—Ç–∏–Ω–∫–µ. –ü–æ–¥–∞—Ä–æ–∫ —Å–∏–º–ø–ª –¥–∏–º–ø–ª —Ä–∞—Å—Å–ª–∞–∏–≤–∞–µ—Ç—å—Å—è. –ù–∞ –ø—É–ø—ã—Ä–∫–∞—Ö —Å–ª–æ—è–º–∏ –º–æ–∂–Ω–æ —Å–Ω–∏–º–∞—Ç—å —Å–∏–ª–∏–∫–æ–Ω,—Ç–∞–∫ –∫–∞–∫ –æ–Ω —É–∂–µ –æ—Ç—Å—Ç–∞—ë—Ç.",4
132,–ü–∞—Ö–Ω–µ—Ç —Ä–µ–∑–∏–Ω–æ–π –º–∞–ª–æ—Å—Ç—å,4
133,"–•–æ—Ä–æ—à–∏–π –Ω–∞–±–æ—Ä, —è—Ä–∫–∏–π, –¥–æ—á–∫–∞ –¥–æ–≤–æ–ª—å–Ω–∞. –ú–∏–Ω—É—Å –∑–≤–µ–∑–¥–∞ –ø–æ—Ç–æ–º—É —á—Ç–æ –Ω–µ –±—ã–ª–æ –¥–µ—Ä–∂–∞—Ç–µ–ª—è –¥–ª—è Pop It, –ø–µ—á–∞–ª—å–Ω–æ...",4
134,"–ü–æ–¥–∞—Ä–æ–∫ –∏ –∫–∞—Ä–∞–±–∏–Ω –≤–∫–ª–∞–¥—ã–≤–∞—é—Ç—Å—è –≤ –∫–∞–∂–¥—ã–π –ø–æ–ø –∏—Ç, –Ω–∞–º –Ω–µ–∏–∑–≤–µ—Å—Ç–Ω—ã –ø—Ä–∏—á–∏–Ω—ã –µ–≥–æ –ø—Ä–æ–ø–∞–∂–∏ :(",4
135,"–í–æ–∑–≤—Ä–∞—Ç.–ù–∞–ø–∏—Å–∞–Ω–æ —Å—é—Ä–ø—Ä–∏–∑ –≤ –∫–∞–∂–¥–æ–º –∑–∞–∫–∞–∑–µ!–ì–¥–µ –Ω–∞—à —Å—é—Ä–ø—Ä–∏–∑?–†–µ–±–µ–Ω–æ–∫ –≤—ã–±–∏—Ä–∞–ª —Å –ø–æ–¥–∞—Ä–∫–æ–º–ü–∞–∫–µ—Ç –ª–µ–≥–∫–æ –æ—Ç–∫—Ä—ã–≤–∞–µ—Ç—Å—è,–∫—Ç–æ –≤—ã—Ç–∞—â–∏–ª? —Ä–∞–±–æ—Ç–Ω–∏–∫–∏ –∏–ª–∏ –Ω–∞ —Å–∫–ª–∞–¥–µ –Ω–µ –ø–æ–ª–æ–∂–∏–ª–∏?–ö—Ç–æ —Ç–æ –∂–µ –¥–æ–ª–∂–µ–Ω –∑–∞ —ç—Ç–∏–º —Å–ª–µ–¥–∏—Ç—å!",4
136,"–ü–æ–¥–∞—Ä–æ–∫ –∏ –∫–∞—Ä–∞–±–∏–Ω –≤–∫–ª–∞–¥—ã–≤–∞—é—Ç—Å—è –≤ –∫–∞–∂–¥—ã–π –ø–æ–ø –∏—Ç, –Ω–∞–º –Ω–µ–∏–∑–≤–µ—Å—Ç–Ω—ã –ø—Ä–∏—á–∏–Ω—ã –µ–≥–æ –ø—Ä–æ–ø–∞–∂–∏.",5
137,–û—á–µ–Ω—å –º—è–≥–∫–∏–π,5
138,"–ó–∞–∫–∞–∑–∞–ª–∏ 2 —à—Ç. –æ–¥–∏–Ω–∞–∫–æ–≤—ã–µ —Å —Ä–∞–∑–Ω–∏—Ü–µ–π –≤ 5 –º–∏–Ω—É—Ç. –ü–æ–ª—É—á–∏–ª–∏ –ø–æ –æ–¥–Ω–æ–π, —Å —Ä–∞–∑–Ω–∏—Ü–µ–π –≤ 3 –¥–Ω—è.",5
139,–ü—Ä–∏—à—ë–ª –±–µ–∑ –∫–∞—Ä–∞–±–∏–Ω–∞ üò°,5
140,"–ü–æ–¥–∞—Ä–æ–∫ –∏ –∫–∞—Ä–∞–±–∏–Ω –≤–∫–ª–∞–¥—ã–≤–∞—é—Ç—Å—è –≤ –∫–∞–∂–¥—ã–π –ø–æ–ø –∏—Ç! –£–≤—ã, –Ω–∞–º –Ω–µ–∏–∑–≤–µ—Å—Ç–Ω—ã –ø—Ä–∏—á–∏–Ω—ã –µ–≥–æ –æ—Ç—Å—É—Ç—Å—Ç–≤–∏—è:(",5
141,"–ü–æ–ø–∏—Ç –æ—Ç–ª–∏—á–Ω—ã–π, –Ω–æ –ø–æ—á–µ–º—É-—Ç–æ –Ω–µ –ø–æ–ª–æ–∂–∏–ª–∏ –ø–æ–¥–∞—Ä–æ–∫...",5
142,"–ó–¥—Ä–∞–≤—Å—Ç–≤—É–π—Ç–µ. –ù–∞–º –æ—á–µ–Ω—å –∂–∞–ª—å, —á—Ç–æ –ø—Ä–æ–ø–∞–¥–∞—é—Ç –ø–æ–¥–∞—Ä–∫–∏ –¥–µ—Ç—è–º!:( –ü–æ–¥–∞—Ä–∫–∏ –≤–∫–ª–∞–¥—ã–≤–∞—é—Ç—Å—è –≤ –∫–∞–∂–¥—ã–π –ø–æ–ø –∏—Ç!",5
143,"–•–æ—Ä–æ—à–∏–π pop it, —Ç–∞–∫–∂–µ –ø–æ–ª–æ–∂–∏–ª–∏ –ø–æ–¥–∞—Ä–æ–∫, –Ω–æ –Ω–∞ –æ–¥–Ω–æ–π –ø—É–ø—ã—Ä–∫–µ –±—ã–ª –Ω–µ–±–æ–ª—å—à–æ–π –±—Ä–∞–∫.",5
144,–ù–∞—à–ª–∞ —Ç–∞–∫–æ–µ –∂–µ —Å–∏–ª—å–Ω–æ –¥–µ—à–µ–≤–ª–µ.,5
145,"–ò–≥—Ä—É—à–∫–∞ –ø–æ–Ω—Ä–∞–≤–∏–ª–∞—Å—å, –Ω–æ –Ω–µ–º–Ω–æ–≥–æ –ø–æ–∑–∞–Ω—É–¥—Å—Ç–≤—É—é. –°–∏–ª–∏–∫–æ–Ω —Ç–æ–Ω–∫–∏–π –∏ –∏–º–µ–µ—Ç –Ω–µ –æ—á–µ–Ω—å –ø—Ä–∏—è—Ç–Ω—ã–π –∑–∞–ø–∞—Ö. –í –ø–æ–¥–∞—Ä–æ–∫ –¥–æ—Å—Ç–∞–ª—Å—è —Å–ø–∏–Ω–Ω–µ—Ä —Å–∏–º–ø–ª-–¥–∏–º–ø–ª. –¶–µ–Ω–∞ —É–¥–∏–≤–∏–ª–∞, –ø–æ—ç—Ç–æ–º—É —Å–∏–ª—å–Ω–æ —Ä—É–≥–∞—Ç—å—Å—è –Ω–µ –±—É–¥—É. –í —Å–æ—Å–µ–¥–Ω–µ–º –º–∞–≥–∞–∑–∏–Ω–µ —Ç–∞–∫–æ–π —Å—Ç–æ–∏—Ç –ø–æ—á—Ç–∏ –≤ 2 —Ä–∞–∑–∞ –¥–æ—Ä–æ–∂–µ.",5
146,–°–æ–æ—Ç–≤–µ—Ç—Å—Ç–≤—É–µ—Ç –æ–ø–∏—Å–∞–Ω–∏—é,5
147,"–Ø—Ä–∫–∏–π, –∫—Ä–∞—Å–∏–≤—ã–π. –î–æ—Å—Ç–∞—Ç–æ—á–Ω–æ –±–æ–ª—å—à–æ–π. –ü–æ–¥–∞—Ä–æ–∫ —Ç–æ–∂–µ –ø—Ä–∏—à—ë–ª. –°–ø–∞—Å–∏–±–æ.",5
148,–ö–ª–∞—Å—Å–Ω—ã–π. –ò —Å–ø–∏–Ω–µ—Ä –ø—Ä–∏–∫–æ–ª—å–Ω—ã–π,5
149,–ö–ª–µ–≤—ã–π üòÉ –í—Å–µ–π —Å–µ–º—å–µ –ø–æ –≤–∫—É—Å—É,5
150,–•–æ—Ä–æ—à–æ —Å–ø–∞—Å–∏–±–æ,5
151,"–ö–ª–∞—Å—Å, —Ä–µ–±—ë–Ω–æ–∫ –¥–∞–≤–æ–ª–µ–Ω",5
152,"–•–æ—Ä–æ—à–∏–π, –ø–ª–æ—Ç–Ω—ã–π —Å–∏–ª–∏–∫–æ–Ω. –ë–µ–∑ –ø–æ—Å—Ç–æ—Ä–æ–Ω–Ω–µ–≥–æ –∑–∞–ø–∞—Ö–∞. –†–µ–±—ë–Ω–æ–∫ –≤ –≤–æ—Å—Ç–æ—Ä–≥–µ –æ—Ç –ø–æ–¥–∞—Ä–∫–∞",5
153,–°–ø–∞—Å–∏–±–æ –∑–∞ –ø–æ–ø –∏—Ç –∏ –∑–∞ –ø–æ–¥–∞—Ä–æ–∫) –î–æ—á—å —Å—á–∞—Å—Ç–ª–∏–≤–∞)),5
154,–•–æ—Ä–æ—à–∏–π –ø–æ–ø–∏—Ç),5
155,"–†–µ–±—ë–Ω–æ–∫ –æ–æ–æ—á–µ–Ω—å –¥–æ–≤–æ–ª–µ–Ω, —Å–ø–∞—Å–∏–±–æ –±–æ–ª—å—à–æ–µ.",5
156,–í—Å–µ —Ü–µ–ª–æ–µ ! –°–ø–∞—Å–∏–±–æ –∑–∞ –ø–æ–¥–∞—Ä–æ–∫),5
157,–ö–∞—á–µ—Å—Ç–≤–æ —Ö–æ—Ä–æ—à–µ–µ. –ë–µ–∑ –Ω–µ–ø—Ä–∏—è—Ç–Ω–æ–≥–æ –∑–∞–ø–∞—Ö–∞. –ü–æ–¥–∞—Ä–æ–∫ –ø—Ä–∏—è—Ç–Ω—ã–π ) —Å–ø–∞—Å–∏–±–æ,5
158,–í—Å—ë —Ö–æ—Ä–æ—à–æ,5
159,–†–µ–±—ë–Ω–∫—É –ø–æ–Ω—Ä–∞–≤–∏–ª–æ—Å—å!,5
160,–ö–ª—ë–≤–∞—è –∏–≥—Ä—É—à–∫–∞ —Å–ø–∞—Å–∏–±–æ –∑–∞ –ø–æ–¥–∞—Ä–æ–∫.,5
161,"–•–æ—Ä–æ—à–∏–π –ø–æ–ø–ò–¢, —Ä–µ–±—ë–Ω–∫—É –ø–æ–Ω—Ä–∞–≤–∏–ª—Å—è. –ö–ª–∏–∫–∞–µ—Ç –æ—Ç–ª–∏—á–Ω–æ üëåüëç",5
162,"–û—Ç–ª–∏—á–Ω—ã–π –ø–æ–ø –∏—Ç, –¥–æ—á–∫–∞ –≤ –≤–æ—Å—Ç–æ—Ä–≥–µ!",5
163,"–û—á–µ–Ω—å –∫–∞—á–µ—Å—Ç–≤–µ–Ω–Ω—ã–π —Å–∏–ª–∏–∫–æ–Ω, –¥–æ—á—å –¥–æ–≤–æ–ª—å–Ω–∞)))",5
164,"–°–ø–∞—Å–∏–±–æ –±–æ–ª—å—à–æ–µ –ø—Ä–æ–∏–∑–≤–æ–¥–∏—Ç–µ–ª—é –∏ –í–±! –ü–æ–ø –∏—Ç –±–æ–ª—å—à–æ–π, —è—Ä–∫–∏–π, —Ä–µ–±—ë–Ω–æ–∫ –æ—á–µ–Ω—å –¥–æ–≤–æ–ª–µ–Ω! –û—Ç–¥–µ–ª—å–Ω–æ–µ —Å–ø–∞—Å–∏–±–æ –∑–∞ –ø–æ–¥–∞—Ä–æ—á–µ–∫, –æ—á–µ–Ω—å –ø—Ä–∏—è—Ç–Ω–æ! –û–¥–Ω–æ–∑–Ω–∞—á–Ω–æ —Ä–µ–∫–æ–º–µ–Ω–¥—É–µ–º –∫ –ø–æ–∫—É–ø–∫–µ!",5
165,"–í—Å–µ –æ—Ç–ª–∏—á–Ω–æ, —Å–æ–æ—Ç–≤–µ—Ç—Å—Ç–≤—É–µ—Ç",5
166,"–ù–∞ —Å–∞–º–æ–º –¥–µ–ª–µ , –º–µ–Ω—å—à–µ 18 —Å–º –∏ –Ω–∞–º –ø–æ–¥–∞—Ä–æ–∫ –Ω–µ –ø–æ–ª–æ–∂–∏–ª–∏ . –°–¥–µ–ª–∞–ª–∏ –≤—ã–±–æ—Ä –Ω–∞ –¥—Ä—É–≥–æ–º )",5
167,"–ò–≥—Ä—É—à–∫–∞ –∫—Ä–µ–ø–µ–Ω—å–∫–∞—è, –≤–æ—Ç —Ç–æ–ª—å–∫–æ –¥–µ—Ä–∂–∞—Ç–µ–ª—å –±—ã–ª –æ—Ç–æ—Ä–≤–∞–Ω, –ø–æ–∑–¥–Ω–æ —É–≤–∏–¥–µ–ª–∞, —É–∂–µ –∫–æ–≥–¥–∞ –∑–∞–±—Ä–∞–ª–∞. –í–æ—Ç —ç—Ç–æ –Ω–µ–ø—Ä–∏—è—Ç–Ω—ã–π –º–æ–º–µ–Ω—Ç, —Ä–µ–±–µ–Ω–æ–∫ —Ä–∞—Å—Å—Ç—Ä–æ–∏–ª—Å—è, —Ö–æ—Ç—è —Å–∞–º–æ–π –∏–≥—Ä—É—à–∫–µ –ø–æ–Ω–∞—á–∞–ª—É –æ—á–µ–Ω—å –æ–±—Ä–∞–¥–æ–≤–∞–ª—Å—è.",5
168,"–ù–µ–ø–ª–æ—Ö–æ–π –ø–æ–ø –∏—Ç –∑–∞ —ç—Ç—É —Ü–µ–Ω—É, –Ω–æ –Ω–µ –æ—á–µ–Ω—å –ø–ª–æ—Ç–Ω—ã–π. –ì–ª–∞–≤–Ω–æ–µ, —á—Ç–æ —Ä–µ–±—ë–Ω–∫—É –ø–æ–Ω—Ä–∞–≤–∏–ª–æ—Å—å.",5
169,"4 –∑–≤–µ–∑–¥—ã –ø–æ—Ç–æ–º—É —á—Ç–æ –ø–æ–ø –∏—Ç –ø—Ä–∏—à—ë–ª —Å –±—Ä–∞–∫–æ–º,–∞ —Ç–∞–∫ –≤—Å—ë —Ö–æ—Ä–æ—à–æ –∫–ª–∏–∫–∞–µ—å—Å—è —Å –æ–±–æ–∏—Ö —Å—Ç–æ—Ä–æ–Ω —Ö–æ—Ä–æ—à–æ. –í –ø–æ–¥–∞—Ä–æ–∫ –ø–æ–ª–æ–∂–∏–ª–∏ –∑–æ–ª–æ—Ç–æ–π —Å–∏–º–ª –¥–∏–º–ø–ª.",5
170,"–ü—Ä–∏—à—ë–ª –±–µ–∑ –ø–æ–¥–∞—Ä–∫–∞, —Ä–µ–±—ë–Ω–æ–∫ —Ä–∞—Å—Å—Ç—Ä–æ–µ–Ω",5
171,"–í –∫–∞–∂–¥—ã–π –ø–æ–ø –∏—Ç –≤–∫–ª–∞–¥—ã–≤–∞—é—Ç—Å—è –ø–æ–¥–∞—Ä–∫–∏, –Ω–∞–º –Ω–µ–∏–∑–≤–µ—Å—Ç–Ω—ã –ø—Ä–∏—á–∏–Ω—ã –ø–æ—á–µ–º—É –æ–Ω –Ω–µ –¥–æ–µ—Ö–∞–ª –¥–æ –≤–∞—Å (((",5
172,–ü–æ–¥–∞—Ä–æ–∫ –Ω–µ –¥–æ—à—ë–ª üò´,5
173,"–û—Ö, –∫–∞–∫ –Ω–∞–º –∂–∞–ª—å((( –ü–æ–¥–∞—Ä–∫–∏ –≤–∫–ª–∞–¥—ã–≤–∞—é—Ç—Å—è –≤ –∫–∞–∂–¥—ã–π –ø–æ–ø –∏—Ç, –Ω–µ–¥–æ–±—Ä–æ—Å–æ–≤–µ—Å—Ç–Ω—ã–µ –ª—é–¥–∏ –ª–∏—à–∞—é—Ç –¥–µ—Ç–µ–π, –≤–∑—è–≤ –ø–æ–¥–∞—Ä–æ–∫ —Å–µ–±–µ!",5
174,–ü–æ–¥–∞—Ä–∫–∞ –Ω–µ –±—ã–ª–æ,5
175,"–ü–æ–ø –∏—Ç –ø—Ä–∏—à—ë–ª, —Ä–µ–±—ë–Ω–∫—É –ø–æ–Ω—Ä–∞–≤–∏–ª—Å—è! –¶–≤–µ—Ç–∞ —è—Ä–∫–∏–µ, –±–æ–ª—å—à–æ–µ —Å–ø–∞—Å–∏–±–æ –∑–∞ –ø–æ–¥–∞—Ä–æ–∫! –û–¥–∏–Ω –º–∏–Ω—É—Å –∏–º–µ–µ—Ç—Å—è –Ω–µ–±–æ–ª—å—à–æ–π –∑–∞–ø–∞—Å!!!",5
176,–∂—ë—Å—Ç–∫–∏–π –∏ –Ω–µ —Ç–µ —Ü–≤–µ—Ç–∞.. –∞ —Ç–∞–∫ –Ω–æ—Ä–º,5
177,"–í–º–µ—Å—Ç–æ —Å–µ—Ä–¥–µ—á–∫–∞ –ø—Ä–∏—à—ë–ª –∫—Ä—É–∂–æ–∫(–¥–æ—á—å —Ä–∞—Å—Å—Ç—Ä–æ–∏–ª–∞—Å—å! –í—ã–∫—É–ø–∏–ª–∏ –Ω–∞ –ø–æ–¥–∞—Ä–æ–∫! –•–æ—Ç–∏–º –∑–∞–∫–∞–∑–∞—Ç—å –µ—â—ë —Ä–∞–∑, –Ω–æ –≤–æ—Ç –¥—É–º–∞–µ–º —Å—Ç–æ–∏—Ç –ª–∏...–≤–¥—Ä—É–≥ –æ–ø—è—Ç—å –ø—Ä–∏–¥—ë—Ç –Ω–µ —Ç–æ,—á—Ç–æ –Ω–∞–¥–æ",5
178,"–ó–¥—Ä–∞–≤—Å—Ç–≤—É–π—Ç–µ. –î–µ–π—Å—Ç–≤–∏—Ç–µ–ª—å–Ω–æ —Å–µ—Ä–¥—Ü–µ —Å –∫—Ä—É–≥–æ–º –ø—Ä–æ–∏–∑–æ—à—ë–ª –ø–µ—Ä–µ—Å–æ—Ä—Ç, –º—ã –µ–≥–æ –∏—Å–ø—Ä–∞–≤–∏–ª–∏ –ø–æ—Å–ª–µ –∂–∞–ª–æ–±! :)–≤—Å–µ–≥–æ –¥–æ–±—Ä–æ–≥–æ.",5
179,"–ü–æ–ø –∏—Ç –∫–ª–∞—Å—Å–Ω—ã–π. –°–ø–∞—Å–∏–±–æ –∑–∞ –ø–æ–¥–∞—Ä–æ–∫. –ù–æ –Ω–µ—Ç –∫–∞—Ä–∞–±–∏–Ω–∞, –∫ —Å–æ–∂–∞–ª–µ–Ω–∏—é(",5
180,"–ú–∞—Ç–µ—Ä–∏–∞–ª —Ç–æ–Ω–∫–æ–≤–∞—Ç—ã–π –∏ —â–µ–ª–∫–∞–µ—Ç –ø–ª–æ—Ö–æ–≤–∞—Ç–æ –ø–æ—ç—Ç–æ–º—É –∏ —Å–Ω–∏–º–∞—é –∑–≤–µ–∑–¥—É. –í–∑—è–ª–∏ 30 —Å–º., –ø–æ–ø –∏—Ç –∫–∞—á–µ—Å—Ç–≤–æ —Ç–∞–º –±–æ–ª–µ–µ –ø–ª–æ—Ç–Ω–æ–µ –∏ —â–µ–ª–∫–∞–µ—Ç –ª—É—á—à–µ.",5
181,–ü–æ–ø –∏—Ç –∫—Ä—É—Ç–æ–π,5
182,"–ë—ã—Å—Ç—Ä–æ, –Ω–µ –¥–æ—Ä–æ–≥–æ, –∫–∞—á–µ—Å—Ç–≤–µ–Ω–Ω–æ, –ø—Ä–∞–≤–¥–∞ –ø–µ—Ä–≤–∞—è –ø—É–ø—ã—Ä–∫–∞ –ø–æ—Ä–≤–∞–ª–∞—Å—å —á–µ—Ä–µ–∑ 10 –º–∏–Ω—É—Ç",5
183,"–û—Ç–ª–∏—á–Ω—ã–π —Ç–æ–≤–∞—Ä, —â—ë–ª–∫–∞–µ—Ç —Å –¥–≤—É—Ö —Å—Ç–æ—Ä–æ–Ω, –Ω–µ–º–Ω–æ–≥–æ –ø—Ä–∏—Å—É—Ç—Å—Ç–≤—É–µ—Ç –∑–∞–ø–∞—Ö —Ä–µ–∑–∏–Ω—ã, –Ω–æ —ç—Ç–æ –Ω–µ —Å—Ç—Ä–∞—à–Ω–æ)) —Ç–æ–≤–∞—Ä–æ–º –¥–æ–≤–æ–ª—å–Ω—ã",5
184,–°–æ–æ—Ç–≤–µ—Ç—Å—Ç–≤—É–µ—Ç –æ–ø–∏—Å–∞–Ω–∏—é. –¶–≤–µ—Ç–∞ –Ω–µ —Å–æ–≤—Å–µ–º —Ä–æ–≤–Ω—ã–µ. –†–∞–∑–º–µ—Ä –±–æ–ª—å—à–æ–π.,5
185,"–•–æ—Ä–æ—à–∞—è –ª—è–≥—É—à–∫–∞, —Ä–µ–±—ë–Ω–æ–∫ –¥–æ–≤–æ–ª–µ–Ω.",5
186,"–ù–µ —Ç–∞–∫–æ–π —É–∂ –æ–Ω –∏ –æ–≥—Ä–æ–º–Ω—ã–π,–∫–æ–Ω–µ—á–Ω–æüôÇ–Ω—É –¥–∞ –ª–∞–¥–Ω–æ,–Ω–µ —Å—Ç—Ä–∞—à–Ω–æ.–ë–µ–∑ –ø–æ—Å—Ç–æ—Ä–æ–Ω–Ω–µ–≥–æ –∑–∞–ø–∞—Ö–∞,–ø–æ–∫–∞ –Ω–µ –∫—Ä–∞—Å–∏—Ç—Å—è,–¥–∞–ª—å—à–µ –±—É–¥–µ—Ç –≤–∏–¥–Ω–æ.–†–µ–±–µ–Ω–æ–∫ –¥–æ–≤–æ–ª–µ–Ω.–í –ø–æ–¥–∞—Ä–æ–∫ –ø—Ä–∏—Å–ª–∞–ª–∏ —Å–∏–º–ø–ª-–¥–∏–º–ø–ª —Å–ø–∏–Ω–µ—Ä,–ø—Ä–∏—è—Ç–Ω–æ,—Å–ø–∞—Å–∏–±–æ,—Ä–∞–¥–æ—Å—Ç–∏ —É –¥–æ—á–∫–∏ —Å—Ç–∞–ª–æ –µ—â—ë –±–æ–ª—å—à–µ üòÅ",5
187,"–ë–æ–ª—å—à–æ–π, –≤ –ø–æ–¥–∞—Ä–æ–∫ —Å–ø–∏–Ω–µ—Ä —Å–∏–¥–µ–ª –¥–∏–º–ø–ª.",5
188,"–†–µ–±–µ–Ω–æ–∫ –¥–æ–≤–æ–ª–µ–Ω, —Å–ø–∞—Å–∏–±–æ –∑–∞ –ø–æ–¥–∞—Ä–æ–∫",5
189,–ö–ª–∞—Å—Å–Ω–∞—è –∏–≥—Ä—É—à–∫–∞. –†–µ–±—ë–Ω–∫—É –ø–æ–Ω—Ä–∞–≤–∏–ª–æ—Å—å.,5
190,–í—Å–µ –æ—Ç–ª–∏—á–Ω–æ,5
191,–¢–æ–≤–∞—Ä–æ–º –¥–æ–≤–æ–ª—å–Ω—ã. –î—É–º–∞–µ–º –µ—â—ë –∑–∞–∫–∞–∑—ã–≤–∞—Ç—å,5
192,–í—Å–µ —Å–æ–æ—Ç–≤–µ—Ç—Å—Ç–≤—É–µ—Ç –∏ —Ä–∞–∑–º–µ—Ä –∏ –ø–æ–¥–∞—Ä–æ—á–µ–∫. –†–µ–±—ë–Ω–æ–∫ –¥–æ–≤–æ–ª–µ–Ω,5
193,"–†–µ–±—ë–Ω–æ–∫ –¥–æ–≤–æ–ª–µ–Ω,–≤—Å—ë –æ—Ç–ª–∏—á–Ω–æüëçüèª—Å–ø–∞—Å–∏–±–æ –∑–∞ –ø–æ–¥–∞—Ä–æ–∫.",5
194,"–û—Ç–ª–∏—á–Ω–∞—è –∏–≥—Ä—É—à–∫–∞, –≤—Å–µ –∫–∞–∫ –Ω–∞ –∫–∞—Ä—Ç–∏–Ω–∫–µ. –¶–≤–µ—Ç –Ω–∞—Å—ã—â–µ–Ω–Ω—ã–π, –º–∞—Ç–µ—Ä–∏–∞–ª –ø—Ä–∏—è—Ç–Ω—ã–π. –ü–æ–ª–æ–∂–∏–ª–∏ –Ω–µ–±–æ–ª—å—à–æ–π –ø–æ–¥–∞—Ä–æ–∫.",5
195,"–û—Ç–ª–∏—á–Ω–∞—è –∏–≥—Ä—É—à–∫–∞, –≤ –ø–æ–¥–∞—Ä–æ–∫ –±—ã–ª –µ—â—ë –°–∏–º–ø–ª –î–∏–º–ø–ª)",5
196,"–ó–∞–∫–∞–∑ –ø—Ä–∏—à—ë–ª –±—ã—Å—Ç—Ä–æ, –∏–≥—Ä—É—à–∫–∞ —Ö–æ—Ä–æ—à–∞—è, –¥–∞ –µ—â—ë –∏ –≤ –ø–æ–¥–∞—Ä–æ–∫ –ø–æ–ª–æ–∂–∏–ª–∏.",5
197,"–ü–æ–ª—É—á–∏–ª–∏ –æ—á–µ–Ω—å –¥–æ–≤–æ–ª–µ–Ω –¥–µ—Ç–∏—à–µ–∫ , –æ—Ä–∏–≥–∏–Ω–∞–ª —Ä–µ–∫–æ–º–µ–Ω–¥—É—é",5
198,–†–µ–±–µ–Ω–∫—É –ø–æ–Ω—Ä–∞–≤–∏–ª—Å—è –∑–∞ –ø–æ–¥–∞—Ä–æ–∫ —Å–ø–∞—Å–∏–±–æ!,5
199,–°–ø–∞—Å–∏–±–æ –æ–≥—Ä–æ–º–Ω–æ–µ!!! –ó–∞ –ø–æ–¥–∞—Ä–æ–∫ –æ—Ç–¥–µ–ª—å–Ω–æ–µ —Å–ø–∞—Å–∏–±–æ!!! –û—á–µ–Ω—å –ø—Ä–∏—è—Ç–Ω–æ!!! –ü—Ä–∏—à–ª–æ –≤—Å—ë –±—ã—Å—Ç—Ä–æ!!!! –í—Å–µ–º —Ä–µ–∫–æ–º–µ–Ω–¥—É—é!!!!!,5
200,–†–µ–±–µ–Ω–æ–∫ —Å—á–∞—Å—Ç–ª–∏–≤ ) –∞ –∑–Ω–∞—á–∏—Ç —Å—á–∞—Å—Ç–ª–∏–≤–∞ –º–∞–º–∞))))!!! –°–ø–∞—Å–∏–±–æ –∑–∞ –ø–æ–¥–∞—Ä–æ—á–µ–∫ ! –ú–Ω–µ –Ω–µ –¥–∞–ª–∏ –Ω–æ—Ä–º–∞–ª—å–Ω–æ —Å—Ñ–æ—Ç–∫–∞—Ç—åüòÄ,5
201,–°–ø–∞—Å–∏–±–æ –∑–∞ —Ñ–æ—Ç–æ :),5
202,"–û—á–µ–Ω—å —è—Ä–∫–∏–π, –∫–ª–∞—Å—Å–Ω—ã–π, –¥–æ—á—å –≤ –≤–æ—Å—Ç–æ—Ä–≥–µüòÄ–∑–∞ –ø–æ–¥–∞—Ä–æ–∫ –æ—Ç–¥–µ–ª—å–Ω–æ–µ —Å–ø–∞—Å–∏–±–æ, –¥–∞–∂–µ –Ω–µ –æ–∂–∏–¥–∞–ª–∞ü§ó",5
203,"–•–æ—Ä–æ—à–∏–π –ø–æ–¥–∞—Ä–æ–∫,–≤—Å–µ —Å–æ–æ—Ç–≤–µ—Ç—Å—Ç–≤—É–µ—Ç –æ–ø–∏—Å–∞–Ω–∏—é,–ø–æ–¥–∞—Ä–æ–∫ –±—ã–ª –≤–Ω—É—Ç—Ä–∏.–°–ø–∞—Å–∏–±–æ!!!",5
204,–î–µ—Ç–∏ –¥–æ–≤–æ–ª—å–Ω—ã),5
205,"–†–µ–±—ë–Ω–∫—É –ø–æ–Ω—Ä–∞–≤–∏–ª—Å—è,—Å–ø–∞—Å–∏–±–æ –∑–∞ –ø–æ–¥–∞—Ä–æ–∫!",5
206,"–†–µ–±—ë–Ω–æ–∫ –¥–æ–≤–æ–ª–µ–Ω, —Å–ø–∞—Å–∏–±–æ –ø—Ä–æ–¥–∞–≤—Ü—É –∑–∞ –ø–æ–¥–∞—Ä–æ–∫",5
207,–í—Å—ë —Å—É–ø–µ—Ä,5
208,"–†–µ–±—ë–Ω–∫—É –æ—á–µ–Ω—å –ø–æ–Ω—Ä–∞–≤–∏–ª—Å—è –ø–æ–ø –∏—Ç,–∏ –æ—Ç–ª–∏—á–Ω—ã–π –ø–æ–¥–∞—Ä–æ–∫,—Ñ–æ—Ç–æ –ø—Ä–∏–ª–∞–≥–∞–µ–º.",5
209,–ö–∞—á–µ—Å—Ç–≤–µ–Ω–Ω—ã–π,5
